asset_id,company_id,location_id,farm_id,name,asset_type_id,description,installation_date,manufactured_date,commission_date,decommission_date,status,created_at,latitude,longitude,health,capacity,model_id,current_volume,diameter,height,material_id,content_id
SYS-4A549A15-F-80829-A-42818,SYS-4A549A15,10,SYS-4A549A15-F-80829,FIX-03E9A2,1,Fixed Roof Tank at Beaumont Storage Facility,2023-03-16 00:00:00,2025-04-16 12:49:39,2025-04-16 12:49:39,2025-04-16 12:49:39,active,2025-04-16 12:49:39,,,10,,,,,,,
SYS-4A549A15-F-80829-A-5CC36,SYS-4A549A15,10,SYS-4A549A15-F-80829,FIX-555089,1,Fixed Roof Tank at Beaumont Storage Facility,2021-07-26 00:00:00,2025-04-16 12:49:39,2025-04-16 12:49:39,2025-04-16 12:49:39,maintenance,2025-04-16 12:49:39,,,6,,,,,,,
SYS-4A549A15-F-80829-A-E6568,SYS-4A549A15,10,SYS-4A549A15-F-80829,FIX-DB3384,1,Fixed Roof Tank at Beaumont Storage Facility,2023-08-24 00:00:00,2025-04-16 12:49:39,2025-04-16 12:49:39,2025-04-16 12:49:39,active,2025-04-16 12:49:39,,,79,,,,,,,
SYS-4A549A15-F-80829-A-79D7A,SYS-4A549A15,10,SYS-4A549A15-F-80829,FIX-BC8E5D,1,Fixed Roof Tank at Beaumont Storage Facility,2023-06-10 00:00:00,2025-04-16 12:49:39,2025-04-16 12:49:39,2025-04-16 12:49:39,active,2025-04-16 12:49:39,,,62,,,,,,,
SYS-4A549A15-F-80829-A-81754,SYS-4A549A15,10,SYS-4A549A15-F-80829,FIX-B7B8B0,1,Fixed Roof Tank at Beaumont Storage Facility,2024-05-16 00:00:00,2025-04-16 12:49:39,2025-04-16 12:49:39,2025-04-16 12:49:39,active,2025-04-16 12:49:39,,,80,,,,,,,
SYS-4A549A15-F-80829-A-EB1A0,SYS-4A549A15,10,SYS-4A549A15-F-80829,FIX-947432,1,Fixed Roof Tank at Beaumont Storage Facility,2023-04-16 00:00:00,2025-04-16 12:49:39,2025-04-16 12:49:39,2025-04-16 12:49:39,active,2025-04-16 12:49:39,,,24,,,,,,,
SYS-4A549A15-F-80829-A-2CF8C,SYS-4A549A15,10,SYS-4A549A15-F-80829,FLO-B32678,2,Floating Roof Tank at Beaumont Storage Facility,2024-06-04 00:00:00,2025-04-16 12:49:39,2025-04-16 12:49:39,2025-04-16 12:49:39,active,2025-04-16 12:49:39,,,11,,,,,,,
SYS-4A549A15-F-80829-A-CEC5F,SYS-4A549A15,10,SYS-4A549A15-F-80829,FLO-304FA4,2,Floating Roof Tank at Beaumont Storage Facility,2021-10-13 00:00:00,2025-04-16 12:49:39,2025-04-16 12:49:39,2025-04-16 12:49:39,active,2025-04-16 12:49:39,,,23,,,,,,,
SYS-4A549A15-F-80829-A-D3CEC,SYS-4A549A15,10,SYS-4A549A15-F-80829,FLO-0F289E,2,Floating Roof Tank at Beaumont Storage Facility,2022-11-30 00:00:00,2025-04-16 12:49:39,2025-04-16 12:49:39,2025-04-16 12:49:39,active,2025-04-16 12:49:39,,,9,,,,,,,
SYS-4A549A15-F-80829-A-46DB1,SYS-4A549A15,10,SYS-4A549A15-F-80829,FLO-153EDE,2,Floating Roof Tank at Beaumont Storage Facility,2022-05-23 00:00:00,2025-04-16 12:49:39,2025-04-16 12:49:39,2025-04-16 12:49:39,active,2025-04-16 12:49:39,,,54,,,,,,,
SYS-4A549A15-F-80829-A-23672,SYS-4A549A15,10,SYS-4A549A15-F-80829,FLO-1BA928,2,Floating Roof Tank at Beaumont Storage Facility,2024-06-19 00:00:00,2025-04-16 12:49:39,2025-04-16 12:49:39,2025-04-16 12:49:39,active,2025-04-16 12:49:39,,,76,,,,,,,
SYS-4A549A15-F-80829-A-A2090,SYS-4A549A15,10,SYS-4A549A15-F-80829,FLO-350651,2,Floating Roof Tank at Beaumont Storage Facility,2023-07-04 00:00:00,2025-04-16 12:49:39,2025-04-16 12:49:39,2025-04-16 12:49:39,active,2025-04-16 12:49:39,,,87,,,,,,,
SYS-4A549A15-F-80829-A-67611,SYS-4A549A15,10,SYS-4A549A15-F-80829,FLO-16B313,2,Floating Roof Tank at Beaumont Storage Facility,2023-03-03 00:00:00,2025-04-16 12:49:39,2025-04-16 12:49:39,2025-04-16 12:49:39,active,2025-04-16 12:49:39,,,16,,,,,,,
SYS-4A549A15-F-80829-A-0F049,SYS-4A549A15,10,SYS-4A549A15-F-80829,FLO-E8914D,2,Floating Roof Tank at Beaumont Storage Facility,2023-09-11 00:00:00,2025-04-16 12:49:39,2025-04-16 12:49:39,2025-04-16 12:49:39,active,2025-04-16 12:49:39,,,56,,,,,,,
SYS-4A549A15-F-80829-A-B1EE6,SYS-4A549A15,10,SYS-4A549A15-F-80829,SPH-FCF600,3,Spherical Tank at Beaumont Storage Facility,2023-09-27 00:00:00,2025-04-16 12:49:39,2025-04-16 12:49:39,2025-04-16 12:49:39,active,2025-04-16 12:49:39,,,58,,,,,,,
SYS-4A549A15-F-80829-A-606BA,SYS-4A549A15,10,SYS-4A549A15-F-80829,SPH-2A89FF,3,Spherical Tank at Beaumont Storage Facility,2021-10-09 00:00:00,2025-04-16 12:49:39,2025-04-16 12:49:39,2025-04-16 12:49:39,active,2025-04-16 12:49:39,,,6,,,,,,,
SYS-4A549A15-F-80829-A-230DD,SYS-4A549A15,10,SYS-4A549A15-F-80829,SPH-D25995,3,Spherical Tank at Beaumont Storage Facility,2022-11-09 00:00:00,2025-04-16 12:49:39,2025-04-16 12:49:39,2025-04-16 12:49:39,active,2025-04-16 12:49:39,,,93,,,,,,,
SYS-4A549A15-F-80829-A-E28E8,SYS-4A549A15,10,SYS-4A549A15-F-80829,SPH-B2AE38,3,Spherical Tank at Beaumont Storage Facility,2022-12-21 00:00:00,2025-04-16 12:49:39,2025-04-16 12:49:39,2025-04-16 12:49:39,active,2025-04-16 12:49:39,,,11,,,,,,,
SYS-4A549A15-F-80829-A-3C5BB,SYS-4A549A15,10,SYS-4A549A15-F-80829,SPH-F0380F,3,Spherical Tank at Beaumont Storage Facility,2023-05-16 00:00:00,2025-04-16 12:49:39,2025-04-16 12:49:39,2025-04-16 12:49:39,active,2025-04-16 12:49:39,,,96,,,,,,,
SYS-4A549A15-F-80829-A-2ED76,SYS-4A549A15,10,SYS-4A549A15-F-80829,SPH-5F09BE,3,Spherical Tank at Beaumont Storage Facility,2021-08-24 00:00:00,2025-04-16 12:49:39,2025-04-16 12:49:39,2025-04-16 12:49:39,active,2025-04-16 12:49:39,,,32,,,,,,,
SYS-4A549A15-F-80829-A-2A7C6,SYS-4A549A15,10,SYS-4A549A15-F-80829,PRO-999F8D,4,Process Pump at Beaumont Storage Facility,2023-02-27 00:00:00,2025-04-16 12:49:39,2025-04-16 12:49:39,2025-04-16 12:49:39,active,2025-04-16 12:49:39,,,94,,,,,,,
SYS-4A549A15-F-80829-A-20A2F,SYS-4A549A15,10,SYS-4A549A15-F-80829,PRO-E78ED4,4,Process Pump at Beaumont Storage Facility,2023-05-13 00:00:00,2025-04-16 12:49:39,2025-04-16 12:49:39,2025-04-16 12:49:39,active,2025-04-16 12:49:39,,,34,,,,,,,
SYS-4A549A15-F-80829-A-BE450,SYS-4A549A15,10,SYS-4A549A15-F-80829,PRO-520B18,4,Process Pump at Beaumont Storage Facility,2021-12-12 00:00:00,2025-04-16 12:49:39,2025-04-16 12:49:39,2025-04-16 12:49:39,active,2025-04-16 12:49:39,,,82,,,,,,,
SYS-4A549A15-F-80829-A-027DC,SYS-4A549A15,10,SYS-4A549A15-F-80829,PRO-767C5A,4,Process Pump at Beaumont Storage Facility,2024-04-18 00:00:00,2025-04-16 12:49:39,2025-04-16 12:49:39,2025-04-16 12:49:39,active,2025-04-16 12:49:39,,,30,,,,,,,
SYS-4A549A15-F-80829-A-1EE86,SYS-4A549A15,10,SYS-4A549A15-F-80829,PRO-ECF17E,4,Process Pump at Beaumont Storage Facility,2023-01-03 00:00:00,2025-04-16 12:49:39,2025-04-16 12:49:39,2025-04-16 12:49:39,active,2025-04-16 12:49:39,,,36,,,,,,,
SYS-4A549A15-F-80829-A-03729,SYS-4A549A15,10,SYS-4A549A15-F-80829,PRO-878460,4,Process Pump at Beaumont Storage Facility,2023-04-13 00:00:00,2025-04-16 12:49:39,2025-04-16 12:49:39,2025-04-16 12:49:39,active,2025-04-16 12:49:39,,,95,,,,,,,
SYS-4A549A15-F-80829-A-724EE,SYS-4A549A15,10,SYS-4A549A15-F-80829,PRO-4DB0F0,4,Process Pump at Beaumont Storage Facility,2022-12-01 00:00:00,2025-04-16 12:49:39,2025-04-16 12:49:39,2025-04-16 12:49:39,active,2025-04-16 12:49:39,,,1,,,,,,,
SYS-4A549A15-F-80829-A-858C6,SYS-4A549A15,10,SYS-4A549A15-F-80829,PRO-391D1C,4,Process Pump at Beaumont Storage Facility,2022-12-23 00:00:00,2025-04-16 12:49:39,2025-04-16 12:49:39,2025-04-16 12:49:39,active,2025-04-16 12:49:39,,,77,,,,,,,
SYS-4A549A15-F-80829-A-59982,SYS-4A549A15,10,SYS-4A549A15-F-80829,PRO-9D7B3A,4,Process Pump at Beaumont Storage Facility,2023-02-16 00:00:00,2025-04-16 12:49:39,2025-04-16 12:49:39,2025-04-16 12:49:39,active,2025-04-16 12:49:39,,,9,,,,,,,
SYS-4A549A15-F-80829-A-4D3FD,SYS-4A549A15,10,SYS-4A549A15-F-80829,CON-5788BA,5,Control Valve at Beaumont Storage Facility,2023-12-28 00:00:00,2025-04-16 12:49:39,2025-04-16 12:49:39,2025-04-16 12:49:39,active,2025-04-16 12:49:39,,,86,,,,,,,
SYS-4A549A15-F-80829-A-8444C,SYS-4A549A15,10,SYS-4A549A15-F-80829,CON-9C20FE,5,Control Valve at Beaumont Storage Facility,2024-01-12 00:00:00,2025-04-16 12:49:39,2025-04-16 12:49:39,2025-04-16 12:49:39,active,2025-04-16 12:49:39,,,80,,,,,,,
SYS-4A549A15-F-80829-A-D0696,SYS-4A549A15,10,SYS-4A549A15-F-80829,CON-599422,5,Control Valve at Beaumont Storage Facility,2022-05-02 00:00:00,2025-04-16 12:49:39,2025-04-16 12:49:39,2025-04-16 12:49:39,active,2025-04-16 12:49:39,,,51,,,,,,,
SYS-4A549A15-F-80829-A-E509E,SYS-4A549A15,10,SYS-4A549A15-F-80829,CON-35F137,5,Control Valve at Beaumont Storage Facility,2023-02-14 00:00:00,2025-04-16 12:49:39,2025-04-16 12:49:39,2025-04-16 12:49:39,active,2025-04-16 12:49:39,,,42,,,,,,,
SYS-4A549A15-F-80829-A-9767B,SYS-4A549A15,10,SYS-4A549A15-F-80829,CON-78D123,5,Control Valve at Beaumont Storage Facility,2023-11-26 00:00:00,2025-04-16 12:49:39,2025-04-16 12:49:39,2025-04-16 12:49:39,active,2025-04-16 12:49:39,,,72,,,,,,,
SYS-4A549A15-F-80829-A-4EE48,SYS-4A549A15,10,SYS-4A549A15-F-80829,PIP-59BB5C,6,Pipeline at Beaumont Storage Facility,2021-08-02 00:00:00,2025-04-16 12:49:39,2025-04-16 12:49:39,2025-04-16 12:49:39,active,2025-04-16 12:49:39,,,57,,,,,,,
SYS-4A549A15-F-80829-A-EA943,SYS-4A549A15,10,SYS-4A549A15-F-80829,PIP-8CBDA8,6,Pipeline at Beaumont Storage Facility,2024-07-15 00:00:00,2025-04-16 12:49:39,2025-04-16 12:49:39,2025-04-16 12:49:39,active,2025-04-16 12:49:39,,,98,,,,,,,
SYS-4A549A15-F-80829-A-188C1,SYS-4A549A15,10,SYS-4A549A15-F-80829,PIP-581951,6,Pipeline at Beaumont Storage Facility,2023-04-01 00:00:00,2025-04-16 12:49:39,2025-04-16 12:49:39,2025-04-16 12:49:39,active,2025-04-16 12:49:39,,,74,,,,,,,
SYS-4A549A15-F-80829-A-97FDB,SYS-4A549A15,10,SYS-4A549A15-F-80829,PIP-F566F1,6,Pipeline at Beaumont Storage Facility,2023-07-23 00:00:00,2025-04-16 12:49:39,2025-04-16 12:49:39,2025-04-16 12:49:39,active,2025-04-16 12:49:39,,,48,,,,,,,
SYS-4A549A15-F-80829-A-7A8A1,SYS-4A549A15,10,SYS-4A549A15-F-80829,PIP-0EA392,6,Pipeline at Beaumont Storage Facility,2022-04-16 00:00:00,2025-04-16 12:49:39,2025-04-16 12:49:39,2025-04-16 12:49:39,maintenance,2025-04-16 12:49:39,,,68,,,,,,,
SYS-4A549A15-F-80829-A-BB082,SYS-4A549A15,10,SYS-4A549A15-F-80829,PIP-7E13F0,6,Pipeline at Beaumont Storage Facility,2021-12-01 00:00:00,2025-04-16 12:49:39,2025-04-16 12:49:39,2025-04-16 12:49:39,active,2025-04-16 12:49:39,,,42,,,,,,,
SYS-4A549A15-F-80829-A-6C2E5,SYS-4A549A15,10,SYS-4A549A15-F-80829,HEA-96BD4B,7,Heat Exchanger at Beaumont Storage Facility,2022-03-08 00:00:00,2025-04-16 12:49:39,2025-04-16 12:49:39,2025-04-16 12:49:39,active,2025-04-16 12:49:39,,,36,,,,,,,
SYS-4A549A15-F-80829-A-B7EE0,SYS-4A549A15,10,SYS-4A549A15-F-80829,HEA-5A80CB,7,Heat Exchanger at Beaumont Storage Facility,2021-08-09 00:00:00,2025-04-16 12:49:39,2025-04-16 12:49:39,2025-04-16 12:49:39,active,2025-04-16 12:49:39,,,41,,,,,,,
SYS-4A549A15-F-80829-A-9A841,SYS-4A549A15,10,SYS-4A549A15-F-80829,HEA-C6B7BD,7,Heat Exchanger at Beaumont Storage Facility,2023-01-08 00:00:00,2025-04-16 12:49:39,2025-04-16 12:49:39,2025-04-16 12:49:39,active,2025-04-16 12:49:39,,,21,,,,,,,
SYS-4A549A15-F-80829-A-C222C,SYS-4A549A15,10,SYS-4A549A15-F-80829,HEA-53EEEE,7,Heat Exchanger at Beaumont Storage Facility,2021-08-27 00:00:00,2025-04-16 12:49:39,2025-04-16 12:49:39,2025-04-16 12:49:39,active,2025-04-16 12:49:39,,,4,,,,,,,
SYS-4A549A15-F-80829-A-55135,SYS-4A549A15,10,SYS-4A549A15-F-80829,HEA-B5912B,7,Heat Exchanger at Beaumont Storage Facility,2024-06-29 00:00:00,2025-04-16 12:49:39,2025-04-16 12:49:39,2025-04-16 12:49:39,active,2025-04-16 12:49:39,,,65,,,,,,,
SYS-4A549A15-F-80829-A-521CD,SYS-4A549A15,10,SYS-4A549A15-F-80829,COM-2AECB6,8,Compressor at Beaumont Storage Facility,2023-01-25 00:00:00,2025-04-16 12:49:39,2025-04-16 12:49:39,2025-04-16 12:49:39,active,2025-04-16 12:49:39,,,79,,,,,,,
SYS-4A549A15-F-80829-A-2F543,SYS-4A549A15,10,SYS-4A549A15-F-80829,COM-86264B,8,Compressor at Beaumont Storage Facility,2022-09-29 00:00:00,2025-04-16 12:49:39,2025-04-16 12:49:39,2025-04-16 12:49:39,maintenance,2025-04-16 12:49:39,,,98,,,,,,,
SYS-4A549A15-F-80829-A-04806,SYS-4A549A15,10,SYS-4A549A15-F-80829,COM-AC505E,8,Compressor at Beaumont Storage Facility,2022-06-09 00:00:00,2025-04-16 12:49:39,2025-04-16 12:49:39,2025-04-16 12:49:39,active,2025-04-16 12:49:39,,,66,,,,,,,
SYS-4A549A15-F-80829-A-DAE2C,SYS-4A549A15,10,SYS-4A549A15-F-80829,COM-2A2EAC,8,Compressor at Beaumont Storage Facility,2021-09-25 00:00:00,2025-04-16 12:49:39,2025-04-16 12:49:39,2025-04-16 12:49:39,active,2025-04-16 12:49:39,,,79,,,,,,,
SYS-4A549A15-F-80829-A-01783,SYS-4A549A15,10,SYS-4A549A15-F-80829,COM-0F34BA,8,Compressor at Beaumont Storage Facility,2024-01-13 00:00:00,2025-04-16 12:49:39,2025-04-16 12:49:39,2025-04-16 12:49:39,active,2025-04-16 12:49:39,,,46,,,,,,,
SYS-4A549A15-F-80829-A-B6E5E,SYS-4A549A15,10,SYS-4A549A15-F-80829,COM-C64413,8,Compressor at Beaumont Storage Facility,2022-06-23 00:00:00,2025-04-16 12:49:39,2025-04-16 12:49:39,2025-04-16 12:49:39,out_of_service,2025-04-16 12:49:39,,,26,,,,,,,
SYS-4A549A15-F-80829-A-AA8D1,SYS-4A549A15,10,SYS-4A549A15-F-80829,COM-C0DA16,8,Compressor at Beaumont Storage Facility,2022-01-22 00:00:00,2025-04-16 12:49:39,2025-04-16 12:49:39,2025-04-16 12:49:39,active,2025-04-16 12:49:39,,,4,,,,,,,
SYS-4A549A15-F-80829-A-F4889,SYS-4A549A15,10,SYS-4A549A15-F-80829,COM-B1DF40,8,Compressor at Beaumont Storage Facility,2022-09-13 00:00:00,2025-04-16 12:49:39,2025-04-16 12:49:39,2025-04-16 12:49:39,active,2025-04-16 12:49:39,,,23,,,,,,,
SYS-4A549A15-F-80829-A-23F25,SYS-4A549A15,10,SYS-4A549A15-F-80829,COM-9AD5B3,8,Compressor at Beaumont Storage Facility,2023-11-01 00:00:00,2025-04-16 12:49:39,2025-04-16 12:49:39,2025-04-16 12:49:39,maintenance,2025-04-16 12:49:39,,,42,,,,,,,
SYS-4A549A15-F-80829-A-DDEE9,SYS-4A549A15,10,SYS-4A549A15-F-80829,COM-93CA5E,8,Compressor at Beaumont Storage Facility,2023-10-09 00:00:00,2025-04-16 12:49:39,2025-04-16 12:49:39,2025-04-16 12:49:39,maintenance,2025-04-16 12:49:39,,,14,,,,,,,
SYS-4A549A15-F-F0CFD-A-E8527,SYS-4A549A15,6,SYS-4A549A15-F-F0CFD,FIX-657BE9,1,Fixed Roof Tank at Lake Charles Terminal,2021-03-25 00:00:00,2025-04-16 12:49:39,2025-04-16 12:49:39,2025-04-16 12:49:39,active,2025-04-16 12:49:39,,,12,,,,,,,
SYS-4A549A15-F-F0CFD-A-82920,SYS-4A549A15,6,SYS-4A549A15-F-F0CFD,FIX-7C990A,1,Fixed Roof Tank at Lake Charles Terminal,2021-08-25 00:00:00,2025-04-16 12:49:39,2025-04-16 12:49:39,2025-04-16 12:49:39,active,2025-04-16 12:49:39,,,13,,,,,,,
SYS-4A549A15-F-F0CFD-A-6BB4D,SYS-4A549A15,6,SYS-4A549A15-F-F0CFD,FIX-2EB799,1,Fixed Roof Tank at Lake Charles Terminal,2022-09-10 00:00:00,2025-04-16 12:49:39,2025-04-16 12:49:39,2025-04-16 12:49:39,maintenance,2025-04-16 12:49:39,,,94,,,,,,,
SYS-4A549A15-F-F0CFD-A-CBE72,SYS-4A549A15,6,SYS-4A549A15-F-F0CFD,FIX-D6A179,1,Fixed Roof Tank at Lake Charles Terminal,2023-05-27 00:00:00,2025-04-16 12:49:39,2025-04-16 12:49:39,2025-04-16 12:49:39,active,2025-04-16 12:49:39,,,43,,,,,,,
SYS-4A549A15-F-F0CFD-A-26E31,SYS-4A549A15,6,SYS-4A549A15-F-F0CFD,FIX-DF4A6C,1,Fixed Roof Tank at Lake Charles Terminal,2023-08-02 00:00:00,2025-04-16 12:49:39,2025-04-16 12:49:39,2025-04-16 12:49:39,active,2025-04-16 12:49:39,,,30,,,,,,,
SYS-4A549A15-F-F0CFD-A-87C22,SYS-4A549A15,6,SYS-4A549A15-F-F0CFD,FIX-D23965,1,Fixed Roof Tank at Lake Charles Terminal,2020-10-14 00:00:00,2025-04-16 12:49:39,2025-04-16 12:49:39,2025-04-16 12:49:39,out_of_service,2025-04-16 12:49:39,,,,,,,,,,
SYS-4A549A15-F-F0CFD-A-39018,SYS-4A549A15,6,SYS-4A549A15-F-F0CFD,FIX-05B7A3,1,Fixed Roof Tank at Lake Charles Terminal,2021-01-18 00:00:00,2025-04-16 12:49:39,2025-04-16 12:49:39,2025-04-16 12:49:39,active,2025-04-16 12:49:39,,,56,,,,,,,
SYS-4A549A15-F-F0CFD-A-A4BE1,SYS-4A549A15,6,SYS-4A549A15-F-F0CFD,FIX-C175FB,1,Fixed Roof Tank at Lake Charles Terminal,2021-12-30 00:00:00,2025-04-16 12:49:39,2025-04-16 12:49:39,2025-04-16 12:49:39,active,2025-04-16 12:49:39,,,66,,,,,,,
SYS-4A549A15-F-F0CFD-A-27451,SYS-4A549A15,6,SYS-4A549A15-F-F0CFD,FIX-C7BFD6,1,Fixed Roof Tank at Lake Charles Terminal,2021-04-30 00:00:00,2025-04-16 12:49:39,2025-04-16 12:49:39,2025-04-16 12:49:39,active,2025-04-16 12:49:39,,,51,,,,,,,
SYS-4A549A15-F-F0CFD-A-7D1E0,SYS-4A549A15,6,SYS-4A549A15-F-F0CFD,FLO-D510F9,2,Floating Roof Tank at Lake Charles Terminal,2021-01-03 00:00:00,2025-04-16 12:49:39,2025-04-16 12:49:39,2025-04-16 12:49:39,active,2025-04-16 12:49:39,,,60,,,,,,,
SYS-4A549A15-F-F0CFD-A-0D4BA,SYS-4A549A15,6,SYS-4A549A15-F-F0CFD,FLO-2FAB0C,2,Floating Roof Tank at Lake Charles Terminal,2022-01-04 00:00:00,2025-04-16 12:49:39,2025-04-16 12:49:39,2025-04-16 12:49:39,active,2025-04-16 12:49:39,,,32,,,,,,,
SYS-4A549A15-F-F0CFD-A-0F572,SYS-4A549A15,6,SYS-4A549A15-F-F0CFD,FLO-723368,2,Floating Roof Tank at Lake Charles Terminal,2022-07-11 00:00:00,2025-04-16 12:49:39,2025-04-16 12:49:39,2025-04-16 12:49:39,active,2025-04-16 12:49:39,,,20,,,,,,,
SYS-4A549A15-F-F0CFD-A-78996,SYS-4A549A15,6,SYS-4A549A15-F-F0CFD,FLO-30773B,2,Floating Roof Tank at Lake Charles Terminal,2020-08-31 00:00:00,2025-04-16 12:49:39,2025-04-16 12:49:39,2025-04-16 12:49:39,active,2025-04-16 12:49:39,,,78,,,,,,,
SYS-4A549A15-F-F0CFD-A-B7FC7,SYS-4A549A15,6,SYS-4A549A15-F-F0CFD,FLO-147FC3,2,Floating Roof Tank at Lake Charles Terminal,2022-12-31 00:00:00,2025-04-16 12:49:39,2025-04-16 12:49:39,2025-04-16 12:49:39,maintenance,2025-04-16 12:49:39,,,18,,,,,,,
SYS-4A549A15-F-F0CFD-A-3B3C9,SYS-4A549A15,6,SYS-4A549A15-F-F0CFD,FLO-04A073,2,Floating Roof Tank at Lake Charles Terminal,2022-03-31 00:00:00,2025-04-16 12:49:39,2025-04-16 12:49:39,2025-04-16 12:49:39,active,2025-04-16 12:49:39,,,11,,,,,,,
SYS-4A549A15-F-F0CFD-A-CF3B1,SYS-4A549A15,6,SYS-4A549A15-F-F0CFD,SPH-FE94D8,3,Spherical Tank at Lake Charles Terminal,2023-06-15 00:00:00,2025-04-16 12:49:39,2025-04-16 12:49:39,2025-04-16 12:49:39,active,2025-04-16 12:49:39,,,36,,,,,,,
SYS-4A549A15-F-F0CFD-A-4E91F,SYS-4A549A15,6,SYS-4A549A15-F-F0CFD,SPH-08C068,3,Spherical Tank at Lake Charles Terminal,2022-01-11 00:00:00,2025-04-16 12:49:39,2025-04-16 12:49:39,2025-04-16 12:49:39,active,2025-04-16 12:49:39,,,85,,,,,,,
SYS-4A549A15-F-F0CFD-A-2F37E,SYS-4A549A15,6,SYS-4A549A15-F-F0CFD,SPH-AE0572,3,Spherical Tank at Lake Charles Terminal,2023-06-10 00:00:00,2025-04-16 12:49:39,2025-04-16 12:49:39,2025-04-16 12:49:39,maintenance,2025-04-16 12:49:39,,,69,,,,,,,
SYS-4A549A15-F-F0CFD-A-1F622,SYS-4A549A15,6,SYS-4A549A15-F-F0CFD,SPH-968D92,3,Spherical Tank at Lake Charles Terminal,2021-01-15 00:00:00,2025-04-16 12:49:39,2025-04-16 12:49:39,2025-04-16 12:49:39,active,2025-04-16 12:49:39,,,33,,,,,,,
SYS-4A549A15-F-F0CFD-A-595A1,SYS-4A549A15,6,SYS-4A549A15-F-F0CFD,SPH-7C63FC,3,Spherical Tank at Lake Charles Terminal,2021-07-05 00:00:00,2025-04-16 12:49:39,2025-04-16 12:49:39,2025-04-16 12:49:39,active,2025-04-16 12:49:39,,,62,,,,,,,
SYS-4A549A15-F-F0CFD-A-3B6B5,SYS-4A549A15,6,SYS-4A549A15-F-F0CFD,SPH-25F25B,3,Spherical Tank at Lake Charles Terminal,2020-12-21 00:00:00,2025-04-16 12:49:39,2025-04-16 12:49:39,2025-04-16 12:49:39,active,2025-04-16 12:49:39,,,27,,,,,,,
SYS-4A549A15-F-F0CFD-A-92AD2,SYS-4A549A15,6,SYS-4A549A15-F-F0CFD,SPH-4EEA0D,3,Spherical Tank at Lake Charles Terminal,2022-06-14 00:00:00,2025-04-16 12:49:39,2025-04-16 12:49:39,2025-04-16 12:49:39,active,2025-04-16 12:49:39,,,10,,,,,,,
SYS-4A549A15-F-F0CFD-A-E9885,SYS-4A549A15,6,SYS-4A549A15-F-F0CFD,SPH-4C557C,3,Spherical Tank at Lake Charles Terminal,2020-11-10 00:00:00,2025-04-16 12:49:39,2025-04-16 12:49:39,2025-04-16 12:49:39,active,2025-04-16 12:49:39,,,46,,,,,,,
SYS-4A549A15-F-F0CFD-A-E2244,SYS-4A549A15,6,SYS-4A549A15-F-F0CFD,PRO-30AFA3,4,Process Pump at Lake Charles Terminal,2023-05-13 00:00:00,2025-04-16 12:49:39,2025-04-16 12:49:39,2025-04-16 12:49:39,active,2025-04-16 12:49:39,,,19,,,,,,,
SYS-4A549A15-F-F0CFD-A-6775C,SYS-4A549A15,6,SYS-4A549A15-F-F0CFD,PRO-90E1CF,4,Process Pump at Lake Charles Terminal,2022-03-22 00:00:00,2025-04-16 12:49:39,2025-04-16 12:49:39,2025-04-16 12:49:39,maintenance,2025-04-16 12:49:39,,,6,,,,,,,
SYS-4A549A15-F-F0CFD-A-2D1E3,SYS-4A549A15,6,SYS-4A549A15-F-F0CFD,PRO-2B3D04,4,Process Pump at Lake Charles Terminal,2023-04-30 00:00:00,2025-04-16 12:49:39,2025-04-16 12:49:39,2025-04-16 12:49:39,active,2025-04-16 12:49:39,,,30,,,,,,,
SYS-4A549A15-F-F0CFD-A-08BEB,SYS-4A549A15,6,SYS-4A549A15-F-F0CFD,PRO-069AEA,4,Process Pump at Lake Charles Terminal,2021-03-08 00:00:00,2025-04-16 12:49:39,2025-04-16 12:49:39,2025-04-16 12:49:39,active,2025-04-16 12:49:39,,,97,,,,,,,
SYS-4A549A15-F-F0CFD-A-A1F10,SYS-4A549A15,6,SYS-4A549A15-F-F0CFD,PRO-D07AD0,4,Process Pump at Lake Charles Terminal,2023-01-08 00:00:00,2025-04-16 12:49:39,2025-04-16 12:49:39,2025-04-16 12:49:39,active,2025-04-16 12:49:39,,,90,,,,,,,
SYS-4A549A15-F-F0CFD-A-0A9AB,SYS-4A549A15,6,SYS-4A549A15-F-F0CFD,PRO-0369B0,4,Process Pump at Lake Charles Terminal,2022-05-17 00:00:00,2025-04-16 12:49:39,2025-04-16 12:49:39,2025-04-16 12:49:39,maintenance,2025-04-16 12:49:39,,,13,,,,,,,
SYS-4A549A15-F-F0CFD-A-99FD2,SYS-4A549A15,6,SYS-4A549A15-F-F0CFD,PRO-9FD4FF,4,Process Pump at Lake Charles Terminal,2020-11-25 00:00:00,2025-04-16 12:49:39,2025-04-16 12:49:39,2025-04-16 12:49:39,active,2025-04-16 12:49:39,,,19,,,,,,,
SYS-4A549A15-F-F0CFD-A-A152D,SYS-4A549A15,6,SYS-4A549A15-F-F0CFD,PRO-E3E16D,4,Process Pump at Lake Charles Terminal,2021-01-30 00:00:00,2025-04-16 12:49:39,2025-04-16 12:49:39,2025-04-16 12:49:39,out_of_service,2025-04-16 12:49:39,,,49,,,,,,,
SYS-4A549A15-F-F0CFD-A-C5DDA,SYS-4A549A15,6,SYS-4A549A15-F-F0CFD,CON-596F52,5,Control Valve at Lake Charles Terminal,2021-02-21 00:00:00,2025-04-16 12:49:39,2025-04-16 12:49:39,2025-04-16 12:49:39,active,2025-04-16 12:49:39,,,35,,,,,,,
SYS-4A549A15-F-F0CFD-A-AC9AC,SYS-4A549A15,6,SYS-4A549A15-F-F0CFD,CON-560A51,5,Control Valve at Lake Charles Terminal,2022-01-12 00:00:00,2025-04-16 12:49:39,2025-04-16 12:49:39,2025-04-16 12:49:39,active,2025-04-16 12:49:39,,,95,,,,,,,
SYS-4A549A15-F-F0CFD-A-29173,SYS-4A549A15,6,SYS-4A549A15-F-F0CFD,CON-8AEAB7,5,Control Valve at Lake Charles Terminal,2023-02-04 00:00:00,2025-04-16 12:49:39,2025-04-16 12:49:39,2025-04-16 12:49:39,active,2025-04-16 12:49:39,,,94,,,,,,,
SYS-4A549A15-F-F0CFD-A-09FCC,SYS-4A549A15,6,SYS-4A549A15-F-F0CFD,CON-11550C,5,Control Valve at Lake Charles Terminal,2022-02-16 00:00:00,2025-04-16 12:49:39,2025-04-16 12:49:39,2025-04-16 12:49:39,active,2025-04-16 12:49:39,,,66,,,,,,,
SYS-4A549A15-F-F0CFD-A-74ECC,SYS-4A549A15,6,SYS-4A549A15-F-F0CFD,CON-9F6960,5,Control Valve at Lake Charles Terminal,2022-07-04 00:00:00,2025-04-16 12:49:39,2025-04-16 12:49:39,2025-04-16 12:49:39,active,2025-04-16 12:49:39,,,44,,,,,,,
SYS-4A549A15-F-F0CFD-A-0301C,SYS-4A549A15,6,SYS-4A549A15-F-F0CFD,CON-FEE5F9,5,Control Valve at Lake Charles Terminal,2020-11-07 00:00:00,2025-04-16 12:49:39,2025-04-16 12:49:39,2025-04-16 12:49:39,active,2025-04-16 12:49:39,,,6,,,,,,,
SYS-4A549A15-F-F0CFD-A-25371,SYS-4A549A15,6,SYS-4A549A15-F-F0CFD,CON-AFF12B,5,Control Valve at Lake Charles Terminal,2023-01-29 00:00:00,2025-04-16 12:49:39,2025-04-16 12:49:39,2025-04-16 12:49:39,active,2025-04-16 12:49:39,,,51,,,,,,,
SYS-4A549A15-F-F0CFD-A-CA43E,SYS-4A549A15,6,SYS-4A549A15-F-F0CFD,CON-7268C5,5,Control Valve at Lake Charles Terminal,2021-04-22 00:00:00,2025-04-16 12:49:39,2025-04-16 12:49:39,2025-04-16 12:49:39,active,2025-04-16 12:49:39,,,80,,,,,,,
SYS-4A549A15-F-F0CFD-A-7947E,SYS-4A549A15,6,SYS-4A549A15-F-F0CFD,CON-0EB189,5,Control Valve at Lake Charles Terminal,2023-06-12 00:00:00,2025-04-16 12:49:39,2025-04-16 12:49:39,2025-04-16 12:49:39,active,2025-04-16 12:49:39,,,93,,,,,,,
SYS-4A549A15-F-F0CFD-A-A9E26,SYS-4A549A15,6,SYS-4A549A15-F-F0CFD,PIP-05C17E,6,Pipeline at Lake Charles Terminal,2021-04-14 00:00:00,2025-04-16 12:49:39,2025-04-16 12:49:39,2025-04-16 12:49:39,active,2025-04-16 12:49:39,,,37,,,,,,,
SYS-4A549A15-F-F0CFD-A-F4FD9,SYS-4A549A15,6,SYS-4A549A15-F-F0CFD,PIP-A95F2D,6,Pipeline at Lake Charles Terminal,2021-04-21 00:00:00,2025-04-16 12:49:39,2025-04-16 12:49:39,2025-04-16 12:49:39,active,2025-04-16 12:49:39,,,95,,,,,,,
SYS-4A549A15-F-F0CFD-A-B45DF,SYS-4A549A15,6,SYS-4A549A15-F-F0CFD,PIP-7D8463,6,Pipeline at Lake Charles Terminal,2021-10-01 00:00:00,2025-04-16 12:49:39,2025-04-16 12:49:39,2025-04-16 12:49:39,active,2025-04-16 12:49:39,,,22,,,,,,,
SYS-4A549A15-F-F0CFD-A-19937,SYS-4A549A15,6,SYS-4A549A15-F-F0CFD,PIP-640E82,6,Pipeline at Lake Charles Terminal,2020-12-10 00:00:00,2025-04-16 12:49:39,2025-04-16 12:49:39,2025-04-16 12:49:39,active,2025-04-16 12:49:39,,,,,,,,,,
SYS-4A549A15-F-F0CFD-A-74BC6,SYS-4A549A15,6,SYS-4A549A15-F-F0CFD,PIP-3FA653,6,Pipeline at Lake Charles Terminal,2022-02-25 00:00:00,2025-04-16 12:49:39,2025-04-16 12:49:39,2025-04-16 12:49:39,active,2025-04-16 12:49:39,,,21,,,,,,,
SYS-4A549A15-F-F0CFD-A-5AEC6,SYS-4A549A15,6,SYS-4A549A15-F-F0CFD,PIP-C22357,6,Pipeline at Lake Charles Terminal,2021-07-29 00:00:00,2025-04-16 12:49:39,2025-04-16 12:49:39,2025-04-16 12:49:39,maintenance,2025-04-16 12:49:39,,,28,,,,,,,
SYS-4A549A15-F-F0CFD-A-CCDF1,SYS-4A549A15,6,SYS-4A549A15-F-F0CFD,PIP-E39A45,6,Pipeline at Lake Charles Terminal,2022-09-11 00:00:00,2025-04-16 12:49:39,2025-04-16 12:49:39,2025-04-16 12:49:39,active,2025-04-16 12:49:39,,,11,,,,,,,
SYS-4A549A15-F-F0CFD-A-F62F8,SYS-4A549A15,6,SYS-4A549A15-F-F0CFD,PIP-CED41C,6,Pipeline at Lake Charles Terminal,2022-10-25 00:00:00,2025-04-16 12:49:39,2025-04-16 12:49:39,2025-04-16 12:49:39,active,2025-04-16 12:49:39,,,47,,,,,,,
SYS-4A549A15-F-F0CFD-A-56F4D,SYS-4A549A15,6,SYS-4A549A15-F-F0CFD,PIP-8C3A5C,6,Pipeline at Lake Charles Terminal,2021-06-28 00:00:00,2025-04-16 12:49:39,2025-04-16 12:49:39,2025-04-16 12:49:39,active,2025-04-16 12:49:39,,,27,,,,,,,
SYS-4A549A15-F-F0CFD-A-92EE8,SYS-4A549A15,6,SYS-4A549A15-F-F0CFD,HEA-A17350,7,Heat Exchanger at Lake Charles Terminal,2021-09-22 00:00:00,2025-04-16 12:49:39,2025-04-16 12:49:39,2025-04-16 12:49:39,active,2025-04-16 12:49:39,,,53,,,,,,,
SYS-4A549A15-F-F0CFD-A-01DBD,SYS-4A549A15,6,SYS-4A549A15-F-F0CFD,HEA-C2AFCD,7,Heat Exchanger at Lake Charles Terminal,2023-06-15 00:00:00,2025-04-16 12:49:39,2025-04-16 12:49:39,2025-04-16 12:49:39,active,2025-04-16 12:49:39,,,93,,,,,,,
SYS-4A549A15-F-F0CFD-A-F79E5,SYS-4A549A15,6,SYS-4A549A15-F-F0CFD,HEA-E2F6EE,7,Heat Exchanger at Lake Charles Terminal,2022-07-17 00:00:00,2025-04-16 12:49:39,2025-04-16 12:49:39,2025-04-16 12:49:39,active,2025-04-16 12:49:39,,,14,,,,,,,
SYS-4A549A15-F-F0CFD-A-86386,SYS-4A549A15,6,SYS-4A549A15-F-F0CFD,HEA-3243DB,7,Heat Exchanger at Lake Charles Terminal,2022-04-14 00:00:00,2025-04-16 12:49:39,2025-04-16 12:49:39,2025-04-16 12:49:39,active,2025-04-16 12:49:39,,,67,,,,,,,
SYS-4A549A15-F-F0CFD-A-8571C,SYS-4A549A15,6,SYS-4A549A15-F-F0CFD,HEA-A1E067,7,Heat Exchanger at Lake Charles Terminal,2020-12-07 00:00:00,2025-04-16 12:49:39,2025-04-16 12:49:39,2025-04-16 12:49:39,active,2025-04-16 12:49:39,,,82,,,,,,,
SYS-4A549A15-F-F0CFD-A-8372E,SYS-4A549A15,6,SYS-4A549A15-F-F0CFD,HEA-D27580,7,Heat Exchanger at Lake Charles Terminal,2021-12-15 00:00:00,2025-04-16 12:49:39,2025-04-16 12:49:39,2025-04-16 12:49:39,active,2025-04-16 12:49:39,,,30,,,,,,,
SYS-4A549A15-F-F0CFD-A-5E12F,SYS-4A549A15,6,SYS-4A549A15-F-F0CFD,HEA-547148,7,Heat Exchanger at Lake Charles Terminal,2021-06-30 00:00:00,2025-04-16 12:49:39,2025-04-16 12:49:39,2025-04-16 12:49:39,active,2025-04-16 12:49:39,,,21,,,,,,,
SYS-4A549A15-F-F0CFD-A-092C8,SYS-4A549A15,6,SYS-4A549A15-F-F0CFD,HEA-53D902,7,Heat Exchanger at Lake Charles Terminal,2021-04-24 00:00:00,2025-04-16 12:49:39,2025-04-16 12:49:39,2025-04-16 12:49:39,active,2025-04-16 12:49:39,,,6,,,,,,,
SYS-4A549A15-F-F0CFD-A-E0135,SYS-4A549A15,6,SYS-4A549A15-F-F0CFD,HEA-A178E5,7,Heat Exchanger at Lake Charles Terminal,2023-07-10 00:00:00,2025-04-16 12:49:39,2025-04-16 12:49:39,2025-04-16 12:49:39,out_of_service,2025-04-16 12:49:39,,,9,,,,,,,
SYS-4A549A15-F-F0CFD-A-819AF,SYS-4A549A15,6,SYS-4A549A15-F-F0CFD,HEA-7E3CDA,7,Heat Exchanger at Lake Charles Terminal,2022-04-09 00:00:00,2025-04-16 12:49:39,2025-04-16 12:49:39,2025-04-16 12:49:39,maintenance,2025-04-16 12:49:39,,,6,,,,,,,
SYS-4A549A15-F-F0CFD-A-21DE3,SYS-4A549A15,6,SYS-4A549A15-F-F0CFD,COM-2D083F,8,Compressor at Lake Charles Terminal,2023-02-10 00:00:00,2025-04-16 12:49:39,2025-04-16 12:49:39,2025-04-16 12:49:39,active,2025-04-16 12:49:39,,,7,,,,,,,
SYS-4A549A15-F-F0CFD-A-7337B,SYS-4A549A15,6,SYS-4A549A15-F-F0CFD,COM-3F2D75,8,Compressor at Lake Charles Terminal,2020-09-23 00:00:00,2025-04-16 12:49:39,2025-04-16 12:49:39,2025-04-16 12:49:39,active,2025-04-16 12:49:39,,,98,,,,,,,
SYS-4A549A15-F-F0CFD-A-7A11A,SYS-4A549A15,6,SYS-4A549A15-F-F0CFD,COM-F8BFDD,8,Compressor at Lake Charles Terminal,2021-03-07 00:00:00,2025-04-16 12:49:39,2025-04-16 12:49:39,2025-04-16 12:49:39,active,2025-04-16 12:49:39,,,3,,,,,,,
SYS-4A549A15-F-F0CFD-A-19797,SYS-4A549A15,6,SYS-4A549A15-F-F0CFD,COM-ED0FBB,8,Compressor at Lake Charles Terminal,2021-09-23 00:00:00,2025-04-16 12:49:39,2025-04-16 12:49:39,2025-04-16 12:49:39,active,2025-04-16 12:49:39,,,4,,,,,,,
SYS-4A549A15-F-F0CFD-A-8218B,SYS-4A549A15,6,SYS-4A549A15-F-F0CFD,COM-4AC679,8,Compressor at Lake Charles Terminal,2022-11-28 00:00:00,2025-04-16 12:49:39,2025-04-16 12:49:39,2025-04-16 12:49:39,active,2025-04-16 12:49:39,,,68,,,,,,,
SYS-4A549A15-F-F0CFD-A-46687,SYS-4A549A15,6,SYS-4A549A15-F-F0CFD,COM-99C89D,8,Compressor at Lake Charles Terminal,2023-07-23 00:00:00,2025-04-16 12:49:39,2025-04-16 12:49:39,2025-04-16 12:49:39,maintenance,2025-04-16 12:49:39,,,31,,,,,,,
SYS-4A549A15-F-144AA-A-1B597,SYS-4A549A15,13,SYS-4A549A15-F-144AA,FIX-6BD49F,1,Fixed Roof Tank at Pasadena Terminal,2025-01-07 00:00:00,2025-04-16 12:49:39,2025-04-16 12:49:39,2025-04-16 12:49:39,maintenance,2025-04-16 12:49:39,,,60,,,,,,,
SYS-4A549A15-F-144AA-A-DC76C,SYS-4A549A15,13,SYS-4A549A15-F-144AA,FIX-7DA404,1,Fixed Roof Tank at Pasadena Terminal,2025-02-08 00:00:00,2025-04-16 12:49:39,2025-04-16 12:49:39,2025-04-16 12:49:39,active,2025-04-16 12:49:39,,,1,,,,,,,
SYS-4A549A15-F-144AA-A-556D3,SYS-4A549A15,13,SYS-4A549A15-F-144AA,FIX-29DE14,1,Fixed Roof Tank at Pasadena Terminal,2024-02-25 00:00:00,2025-04-16 12:49:39,2025-04-16 12:49:39,2025-04-16 12:49:39,active,2025-04-16 12:49:39,,,13,,,,,,,
SYS-4A549A15-F-144AA-A-16620,SYS-4A549A15,13,SYS-4A549A15-F-144AA,FIX-380C11,1,Fixed Roof Tank at Pasadena Terminal,2026-06-16 00:00:00,2025-04-16 12:49:39,2025-04-16 12:49:39,2025-04-16 12:49:39,active,2025-04-16 12:49:39,,,43,,,,,,,
SYS-4A549A15-F-144AA-A-96E23,SYS-4A549A15,13,SYS-4A549A15-F-144AA,FIX-61CA96,1,Fixed Roof Tank at Pasadena Terminal,2024-06-27 00:00:00,2025-04-16 12:49:39,2025-04-16 12:49:39,2025-04-16 12:49:39,active,2025-04-16 12:49:39,,,59,,,,,,,
SYS-4A549A15-F-144AA-A-188BA,SYS-4A549A15,13,SYS-4A549A15-F-144AA,FIX-E1309F,1,Fixed Roof Tank at Pasadena Terminal,2023-10-13 00:00:00,2025-04-16 12:49:39,2025-04-16 12:49:39,2025-04-16 12:49:39,active,2025-04-16 12:49:39,,,84,,,,,,,
SYS-4A549A15-F-144AA-A-236CD,SYS-4A549A15,13,SYS-4A549A15-F-144AA,FIX-E88831,1,Fixed Roof Tank at Pasadena Terminal,2024-01-31 00:00:00,2025-04-16 12:49:39,2025-04-16 12:49:39,2025-04-16 12:49:39,active,2025-04-16 12:49:39,,,65,,,,,,,
SYS-4A549A15-F-144AA-A-0AE8B,SYS-4A549A15,13,SYS-4A549A15-F-144AA,FIX-8D2C05,1,Fixed Roof Tank at Pasadena Terminal,2024-02-25 00:00:00,2025-04-16 12:49:39,2025-04-16 12:49:39,2025-04-16 12:49:39,active,2025-04-16 12:49:39,,,35,,,,,,,
SYS-4A549A15-F-144AA-A-03DF9,SYS-4A549A15,13,SYS-4A549A15-F-144AA,FIX-D3CE10,1,Fixed Roof Tank at Pasadena Terminal,2025-09-15 00:00:00,2025-04-16 12:49:39,2025-04-16 12:49:39,2025-04-16 12:49:39,active,2025-04-16 12:49:39,,,73,,,,,,,
SYS-4A549A15-F-144AA-A-4D112,SYS-4A549A15,13,SYS-4A549A15-F-144AA,FLO-93056A,2,Floating Roof Tank at Pasadena Terminal,2024-02-21 00:00:00,2025-04-16 12:49:39,2025-04-16 12:49:39,2025-04-16 12:49:39,active,2025-04-16 12:49:39,,,,,,,,,,
SYS-4A549A15-F-144AA-A-FAD0C,SYS-4A549A15,13,SYS-4A549A15-F-144AA,FLO-1A7936,2,Floating Roof Tank at Pasadena Terminal,2025-11-04 00:00:00,2025-04-16 12:49:39,2025-04-16 12:49:39,2025-04-16 12:49:39,active,2025-04-16 12:49:39,,,3,,,,,,,
SYS-4A549A15-F-144AA-A-CA9CC,SYS-4A549A15,13,SYS-4A549A15-F-144AA,FLO-8BEF95,2,Floating Roof Tank at Pasadena Terminal,2023-07-19 00:00:00,2025-04-16 12:49:39,2025-04-16 12:49:39,2025-04-16 12:49:39,active,2025-04-16 12:49:39,,,82,,,,,,,
SYS-4A549A15-F-144AA-A-D548A,SYS-4A549A15,13,SYS-4A549A15-F-144AA,FLO-0C9323,2,Floating Roof Tank at Pasadena Terminal,2024-11-17 00:00:00,2025-04-16 12:49:39,2025-04-16 12:49:39,2025-04-16 12:49:39,out_of_service,2025-04-16 12:49:39,,,66,,,,,,,
SYS-4A549A15-F-144AA-A-63DEF,SYS-4A549A15,13,SYS-4A549A15-F-144AA,FLO-A4D033,2,Floating Roof Tank at Pasadena Terminal,2025-06-28 00:00:00,2025-04-16 12:49:39,2025-04-16 12:49:39,2025-04-16 12:49:39,active,2025-04-16 12:49:39,,,89,,,,,,,
SYS-4A549A15-F-144AA-A-E235C,SYS-4A549A15,13,SYS-4A549A15-F-144AA,FLO-6E64C3,2,Floating Roof Tank at Pasadena Terminal,2025-08-28 00:00:00,2025-04-16 12:49:39,2025-04-16 12:49:39,2025-04-16 12:49:39,active,2025-04-16 12:49:39,,,70,,,,,,,
SYS-4A549A15-F-144AA-A-D63A9,SYS-4A549A15,13,SYS-4A549A15-F-144AA,FLO-E387BE,2,Floating Roof Tank at Pasadena Terminal,2025-03-26 00:00:00,2025-04-16 12:49:39,2025-04-16 12:49:39,2025-04-16 12:49:39,active,2025-04-16 12:49:39,,,95,,,,,,,
SYS-4A549A15-F-144AA-A-2CE0D,SYS-4A549A15,13,SYS-4A549A15-F-144AA,FLO-7C7A25,2,Floating Roof Tank at Pasadena Terminal,2024-05-08 00:00:00,2025-04-16 12:49:39,2025-04-16 12:49:39,2025-04-16 12:49:39,active,2025-04-16 12:49:39,,,44,,,,,,,
SYS-4A549A15-F-144AA-A-B3623,SYS-4A549A15,13,SYS-4A549A15-F-144AA,FLO-0F9E6C,2,Floating Roof Tank at Pasadena Terminal,2024-02-12 00:00:00,2025-04-16 12:49:39,2025-04-16 12:49:39,2025-04-16 12:49:39,active,2025-04-16 12:49:39,,,22,,,,,,,
SYS-4A549A15-F-144AA-A-99A28,SYS-4A549A15,13,SYS-4A549A15-F-144AA,SPH-4D12B2,3,Spherical Tank at Pasadena Terminal,2025-05-17 00:00:00,2025-04-16 12:49:39,2025-04-16 12:49:39,2025-04-16 12:49:39,active,2025-04-16 12:49:39,,,48,,,,,,,
SYS-4A549A15-F-144AA-A-38F63,SYS-4A549A15,13,SYS-4A549A15-F-144AA,SPH-9DC5F4,3,Spherical Tank at Pasadena Terminal,2026-01-07 00:00:00,2025-04-16 12:49:39,2025-04-16 12:49:39,2025-04-16 12:49:39,maintenance,2025-04-16 12:49:39,,,68,,,,,,,
SYS-4A549A15-F-144AA-A-F03F4,SYS-4A549A15,13,SYS-4A549A15-F-144AA,SPH-70BF4A,3,Spherical Tank at Pasadena Terminal,2026-02-08 00:00:00,2025-04-16 12:49:39,2025-04-16 12:49:39,2025-04-16 12:49:39,active,2025-04-16 12:49:39,,,65,,,,,,,
SYS-4A549A15-F-144AA-A-50AFF,SYS-4A549A15,13,SYS-4A549A15-F-144AA,SPH-0036AD,3,Spherical Tank at Pasadena Terminal,2025-01-21 00:00:00,2025-04-16 12:49:39,2025-04-16 12:49:39,2025-04-16 12:49:39,active,2025-04-16 12:49:39,,,74,,,,,,,
SYS-4A549A15-F-144AA-A-0A788,SYS-4A549A15,13,SYS-4A549A15-F-144AA,SPH-8619E0,3,Spherical Tank at Pasadena Terminal,2026-04-01 00:00:00,2025-04-16 12:49:39,2025-04-16 12:49:39,2025-04-16 12:49:39,active,2025-04-16 12:49:39,,,14,,,,,,,
SYS-4A549A15-F-144AA-A-A23D7,SYS-4A549A15,13,SYS-4A549A15-F-144AA,SPH-BCC9A1,3,Spherical Tank at Pasadena Terminal,2026-03-28 00:00:00,2025-04-16 12:49:39,2025-04-16 12:49:39,2025-04-16 12:49:39,active,2025-04-16 12:49:39,,,60,,,,,,,
SYS-4A549A15-F-144AA-A-C170A,SYS-4A549A15,13,SYS-4A549A15-F-144AA,SPH-57ED10,3,Spherical Tank at Pasadena Terminal,2023-09-25 00:00:00,2025-04-16 12:49:39,2025-04-16 12:49:39,2025-04-16 12:49:39,active,2025-04-16 12:49:39,,,100,,,,,,,
SYS-4A549A15-F-144AA-A-36A88,SYS-4A549A15,13,SYS-4A549A15-F-144AA,SPH-ABD828,3,Spherical Tank at Pasadena Terminal,2025-04-24 00:00:00,2025-04-16 12:49:39,2025-04-16 12:49:39,2025-04-16 12:49:39,active,2025-04-16 12:49:39,,,74,,,,,,,
SYS-4A549A15-F-144AA-A-36ED4,SYS-4A549A15,13,SYS-4A549A15-F-144AA,PRO-8B139D,4,Process Pump at Pasadena Terminal,2025-08-25 00:00:00,2025-04-16 12:49:39,2025-04-16 12:49:39,2025-04-16 12:49:39,active,2025-04-16 12:49:39,,,38,,,,,,,
SYS-4A549A15-F-144AA-A-BDDA2,SYS-4A549A15,13,SYS-4A549A15-F-144AA,PRO-072995,4,Process Pump at Pasadena Terminal,2025-01-16 00:00:00,2025-04-16 12:49:39,2025-04-16 12:49:39,2025-04-16 12:49:39,active,2025-04-16 12:49:39,,,28,,,,,,,
SYS-4A549A15-F-144AA-A-CFB24,SYS-4A549A15,13,SYS-4A549A15-F-144AA,PRO-15E499,4,Process Pump at Pasadena Terminal,2025-06-28 00:00:00,2025-04-16 12:49:39,2025-04-16 12:49:39,2025-04-16 12:49:39,active,2025-04-16 12:49:39,,,73,,,,,,,
SYS-4A549A15-F-144AA-A-1CD35,SYS-4A549A15,13,SYS-4A549A15-F-144AA,PRO-C23F37,4,Process Pump at Pasadena Terminal,2023-07-23 00:00:00,2025-04-16 12:49:39,2025-04-16 12:49:39,2025-04-16 12:49:39,active,2025-04-16 12:49:39,,,83,,,,,,,
SYS-4A549A15-F-144AA-A-A61B2,SYS-4A549A15,13,SYS-4A549A15-F-144AA,PRO-672FFD,4,Process Pump at Pasadena Terminal,2025-06-27 00:00:00,2025-04-16 12:49:39,2025-04-16 12:49:39,2025-04-16 12:49:39,maintenance,2025-04-16 12:49:39,,,94,,,,,,,
SYS-4A549A15-F-144AA-A-E4291,SYS-4A549A15,13,SYS-4A549A15-F-144AA,PRO-44F451,4,Process Pump at Pasadena Terminal,2023-10-04 00:00:00,2025-04-16 12:49:39,2025-04-16 12:49:39,2025-04-16 12:49:39,active,2025-04-16 12:49:39,,,59,,,,,,,
SYS-4A549A15-F-144AA-A-0EF0F,SYS-4A549A15,13,SYS-4A549A15-F-144AA,PRO-26D620,4,Process Pump at Pasadena Terminal,2025-05-15 00:00:00,2025-04-16 12:49:39,2025-04-16 12:49:39,2025-04-16 12:49:39,active,2025-04-16 12:49:39,,,55,,,,,,,
SYS-4A549A15-F-144AA-A-1BA23,SYS-4A549A15,13,SYS-4A549A15-F-144AA,CON-B27651,5,Control Valve at Pasadena Terminal,2025-11-23 00:00:00,2025-04-16 12:49:39,2025-04-16 12:49:39,2025-04-16 12:49:39,active,2025-04-16 12:49:39,,,69,,,,,,,
SYS-4A549A15-F-144AA-A-40488,SYS-4A549A15,13,SYS-4A549A15-F-144AA,CON-B9F923,5,Control Valve at Pasadena Terminal,2026-03-09 00:00:00,2025-04-16 12:49:39,2025-04-16 12:49:39,2025-04-16 12:49:39,active,2025-04-16 12:49:39,,,24,,,,,,,
SYS-4A549A15-F-144AA-A-6797A,SYS-4A549A15,13,SYS-4A549A15-F-144AA,CON-F16E84,5,Control Valve at Pasadena Terminal,2025-01-24 00:00:00,2025-04-16 12:49:39,2025-04-16 12:49:39,2025-04-16 12:49:39,active,2025-04-16 12:49:39,,,42,,,,,,,
SYS-4A549A15-F-144AA-A-C88D3,SYS-4A549A15,13,SYS-4A549A15-F-144AA,CON-FF6D48,5,Control Valve at Pasadena Terminal,2026-06-08 00:00:00,2025-04-16 12:49:39,2025-04-16 12:49:39,2025-04-16 12:49:39,active,2025-04-16 12:49:39,,,28,,,,,,,
SYS-4A549A15-F-144AA-A-E4A0C,SYS-4A549A15,13,SYS-4A549A15-F-144AA,CON-CCFBAE,5,Control Valve at Pasadena Terminal,2023-07-19 00:00:00,2025-04-16 12:49:39,2025-04-16 12:49:39,2025-04-16 12:49:39,active,2025-04-16 12:49:39,,,81,,,,,,,
SYS-4A549A15-F-144AA-A-FD102,SYS-4A549A15,13,SYS-4A549A15-F-144AA,CON-94203B,5,Control Valve at Pasadena Terminal,2025-03-23 00:00:00,2025-04-16 12:49:39,2025-04-16 12:49:39,2025-04-16 12:49:39,out_of_service,2025-04-16 12:49:39,,,33,,,,,,,
SYS-4A549A15-F-144AA-A-0E93B,SYS-4A549A15,13,SYS-4A549A15-F-144AA,CON-7A9FE8,5,Control Valve at Pasadena Terminal,2026-05-19 00:00:00,2025-04-16 12:49:39,2025-04-16 12:49:39,2025-04-16 12:49:39,active,2025-04-16 12:49:39,,,43,,,,,,,
SYS-4A549A15-F-144AA-A-91D87,SYS-4A549A15,13,SYS-4A549A15-F-144AA,CON-6CC097,5,Control Valve at Pasadena Terminal,2025-04-29 00:00:00,2025-04-16 12:49:39,2025-04-16 12:49:39,2025-04-16 12:49:39,active,2025-04-16 12:49:39,,,72,,,,,,,
SYS-4A549A15-F-144AA-A-A0BD3,SYS-4A549A15,13,SYS-4A549A15-F-144AA,CON-903224,5,Control Valve at Pasadena Terminal,2024-01-22 00:00:00,2025-04-16 12:49:39,2025-04-16 12:49:39,2025-04-16 12:49:39,active,2025-04-16 12:49:39,,,93,,,,,,,
SYS-4A549A15-F-144AA-A-70FE4,SYS-4A549A15,13,SYS-4A549A15-F-144AA,PIP-9F8968,6,Pipeline at Pasadena Terminal,2025-12-17 00:00:00,2025-04-16 12:49:39,2025-04-16 12:49:39,2025-04-16 12:49:39,active,2025-04-16 12:49:39,,,30,,,,,,,
SYS-4A549A15-F-144AA-A-B7FC9,SYS-4A549A15,13,SYS-4A549A15-F-144AA,PIP-19E02D,6,Pipeline at Pasadena Terminal,2025-04-30 00:00:00,2025-04-16 12:49:39,2025-04-16 12:49:39,2025-04-16 12:49:39,active,2025-04-16 12:49:39,,,92,,,,,,,
SYS-4A549A15-F-144AA-A-C86EB,SYS-4A549A15,13,SYS-4A549A15-F-144AA,PIP-385AFF,6,Pipeline at Pasadena Terminal,2025-04-27 00:00:00,2025-04-16 12:49:39,2025-04-16 12:49:39,2025-04-16 12:49:39,active,2025-04-16 12:49:39,,,9,,,,,,,
SYS-4A549A15-F-144AA-A-BC748,SYS-4A549A15,13,SYS-4A549A15-F-144AA,PIP-79CD0C,6,Pipeline at Pasadena Terminal,2025-01-01 00:00:00,2025-04-16 12:49:39,2025-04-16 12:49:39,2025-04-16 12:49:39,active,2025-04-16 12:49:39,,,11,,,,,,,
SYS-4A549A15-F-144AA-A-DEEE9,SYS-4A549A15,13,SYS-4A549A15-F-144AA,PIP-980F00,6,Pipeline at Pasadena Terminal,2025-10-20 00:00:00,2025-04-16 12:49:39,2025-04-16 12:49:39,2025-04-16 12:49:39,active,2025-04-16 12:49:39,,,81,,,,,,,
SYS-4A549A15-F-144AA-A-100ED,SYS-4A549A15,13,SYS-4A549A15-F-144AA,PIP-F6725A,6,Pipeline at Pasadena Terminal,2025-07-10 00:00:00,2025-04-16 12:49:39,2025-04-16 12:49:39,2025-04-16 12:49:39,active,2025-04-16 12:49:39,,,56,,,,,,,
SYS-4A549A15-F-144AA-A-23CDE,SYS-4A549A15,13,SYS-4A549A15-F-144AA,PIP-AC2BAD,6,Pipeline at Pasadena Terminal,2023-11-18 00:00:00,2025-04-16 12:49:39,2025-04-16 12:49:39,2025-04-16 12:49:39,active,2025-04-16 12:49:39,,,87,,,,,,,
SYS-4A549A15-F-144AA-A-003B0,SYS-4A549A15,13,SYS-4A549A15-F-144AA,HEA-2DAB31,7,Heat Exchanger at Pasadena Terminal,2025-05-06 00:00:00,2025-04-16 12:49:39,2025-04-16 12:49:39,2025-04-16 12:49:39,active,2025-04-16 12:49:39,,,50,,,,,,,
SYS-4A549A15-F-144AA-A-D4FB9,SYS-4A549A15,13,SYS-4A549A15-F-144AA,HEA-1D27DC,7,Heat Exchanger at Pasadena Terminal,2025-07-01 00:00:00,2025-04-16 12:49:39,2025-04-16 12:49:39,2025-04-16 12:49:39,out_of_service,2025-04-16 12:49:39,,,24,,,,,,,
SYS-4A549A15-F-144AA-A-4F97E,SYS-4A549A15,13,SYS-4A549A15-F-144AA,HEA-7DC64B,7,Heat Exchanger at Pasadena Terminal,2025-03-14 00:00:00,2025-04-16 12:49:39,2025-04-16 12:49:39,2025-04-16 12:49:39,maintenance,2025-04-16 12:49:39,,,75,,,,,,,
SYS-4A549A15-F-144AA-A-48EB9,SYS-4A549A15,13,SYS-4A549A15-F-144AA,HEA-1BECE2,7,Heat Exchanger at Pasadena Terminal,2025-03-08 00:00:00,2025-04-16 12:49:39,2025-04-16 12:49:39,2025-04-16 12:49:39,active,2025-04-16 12:49:39,,,8,,,,,,,
SYS-4A549A15-F-144AA-A-83068,SYS-4A549A15,13,SYS-4A549A15-F-144AA,HEA-8BA62E,7,Heat Exchanger at Pasadena Terminal,2026-05-14 00:00:00,2025-04-16 12:49:39,2025-04-16 12:49:39,2025-04-16 12:49:39,active,2025-04-16 12:49:39,,,38,,,,,,,
SYS-4A549A15-F-144AA-A-AB45B,SYS-4A549A15,13,SYS-4A549A15-F-144AA,HEA-BD211B,7,Heat Exchanger at Pasadena Terminal,2025-02-20 00:00:00,2025-04-16 12:49:39,2025-04-16 12:49:39,2025-04-16 12:49:39,active,2025-04-16 12:49:39,,,77,,,,,,,
SYS-4A549A15-F-144AA-A-83575,SYS-4A549A15,13,SYS-4A549A15-F-144AA,HEA-B80548,7,Heat Exchanger at Pasadena Terminal,2025-08-04 00:00:00,2025-04-16 12:49:39,2025-04-16 12:49:39,2025-04-16 12:49:39,active,2025-04-16 12:49:39,,,70,,,,,,,
SYS-4A549A15-F-144AA-A-C20B0,SYS-4A549A15,13,SYS-4A549A15-F-144AA,HEA-BBA762,7,Heat Exchanger at Pasadena Terminal,2024-12-15 00:00:00,2025-04-16 12:49:39,2025-04-16 12:49:39,2025-04-16 12:49:39,active,2025-04-16 12:49:39,,,73,,,,,,,
SYS-4A549A15-F-144AA-A-6EDD3,SYS-4A549A15,13,SYS-4A549A15-F-144AA,HEA-04A3BD,7,Heat Exchanger at Pasadena Terminal,2024-10-28 00:00:00,2025-04-16 12:49:39,2025-04-16 12:49:39,2025-04-16 12:49:39,active,2025-04-16 12:49:39,,,68,,,,,,,
SYS-4A549A15-F-144AA-A-19F08,SYS-4A549A15,13,SYS-4A549A15-F-144AA,COM-131B84,8,Compressor at Pasadena Terminal,2026-04-13 00:00:00,2025-04-16 12:49:39,2025-04-16 12:49:39,2025-04-16 12:49:39,active,2025-04-16 12:49:39,,,81,,,,,,,
SYS-4A549A15-F-144AA-A-95C55,SYS-4A549A15,13,SYS-4A549A15-F-144AA,COM-438910,8,Compressor at Pasadena Terminal,2026-02-18 00:00:00,2025-04-16 12:49:39,2025-04-16 12:49:39,2025-04-16 12:49:39,active,2025-04-16 12:49:39,,,40,,,,,,,
SYS-4A549A15-F-144AA-A-19848,SYS-4A549A15,13,SYS-4A549A15-F-144AA,COM-9F9233,8,Compressor at Pasadena Terminal,2025-03-12 00:00:00,2025-04-16 12:49:39,2025-04-16 12:49:39,2025-04-16 12:49:39,active,2025-04-16 12:49:39,,,52,,,,,,,
SYS-4A549A15-F-144AA-A-5E790,SYS-4A549A15,13,SYS-4A549A15-F-144AA,COM-18C18A,8,Compressor at Pasadena Terminal,2025-05-30 00:00:00,2025-04-16 12:49:39,2025-04-16 12:49:39,2025-04-16 12:49:39,active,2025-04-16 12:49:39,,,48,,,,,,,
SYS-4A549A15-F-144AA-A-8E31C,SYS-4A549A15,13,SYS-4A549A15-F-144AA,COM-3AD723,8,Compressor at Pasadena Terminal,2024-03-22 00:00:00,2025-04-16 12:49:39,2025-04-16 12:49:39,2025-04-16 12:49:39,active,2025-04-16 12:49:39,,,97,,,,,,,
SYS-4A549A15-F-144AA-A-63009,SYS-4A549A15,13,SYS-4A549A15-F-144AA,COM-EF2F4D,8,Compressor at Pasadena Terminal,2024-10-29 00:00:00,2025-04-16 12:49:39,2025-04-16 12:49:39,2025-04-16 12:49:39,active,2025-04-16 12:49:39,,,16,,,,,,,
SYS-4A549A15-F-E2848-A-95F4E,SYS-4A549A15,16,SYS-4A549A15-F-E2848,FIX-9243B3,1,Fixed Roof Tank at Freeport Storage Facility,2016-12-04 00:00:00,2025-04-16 12:49:39,2025-04-16 12:49:39,2025-04-16 12:49:39,active,2025-04-16 12:49:39,,,29,,,,,,,
SYS-4A549A15-F-E2848-A-C7C22,SYS-4A549A15,16,SYS-4A549A15-F-E2848,FIX-A4EDDD,1,Fixed Roof Tank at Freeport Storage Facility,2018-10-06 00:00:00,2025-04-16 12:49:39,2025-04-16 12:49:39,2025-04-16 12:49:39,active,2025-04-16 12:49:39,,,47,,,,,,,
SYS-4A549A15-F-E2848-A-80E7D,SYS-4A549A15,16,SYS-4A549A15-F-E2848,FIX-47E713,1,Fixed Roof Tank at Freeport Storage Facility,2017-03-28 00:00:00,2025-04-16 12:49:39,2025-04-16 12:49:39,2025-04-16 12:49:39,active,2025-04-16 12:49:39,,,42,,,,,,,
SYS-4A549A15-F-E2848-A-3F49A,SYS-4A549A15,16,SYS-4A549A15-F-E2848,FIX-F3B149,1,Fixed Roof Tank at Freeport Storage Facility,2017-08-26 00:00:00,2025-04-16 12:49:39,2025-04-16 12:49:39,2025-04-16 12:49:39,active,2025-04-16 12:49:39,,,31,,,,,,,
SYS-4A549A15-F-E2848-A-ED106,SYS-4A549A15,16,SYS-4A549A15-F-E2848,FIX-859DEC,1,Fixed Roof Tank at Freeport Storage Facility,2017-07-30 00:00:00,2025-04-16 12:49:39,2025-04-16 12:49:39,2025-04-16 12:49:39,active,2025-04-16 12:49:39,,,40,,,,,,,
SYS-4A549A15-F-E2848-A-714DA,SYS-4A549A15,16,SYS-4A549A15-F-E2848,FLO-267074,2,Floating Roof Tank at Freeport Storage Facility,2016-12-31 00:00:00,2025-04-16 12:49:39,2025-04-16 12:49:39,2025-04-16 12:49:39,active,2025-04-16 12:49:39,,,5,,,,,,,
SYS-4A549A15-F-E2848-A-7AB77,SYS-4A549A15,16,SYS-4A549A15-F-E2848,FLO-4302A6,2,Floating Roof Tank at Freeport Storage Facility,2016-03-30 00:00:00,2025-04-16 12:49:39,2025-04-16 12:49:39,2025-04-16 12:49:39,maintenance,2025-04-16 12:49:39,,,19,,,,,,,
SYS-4A549A15-F-E2848-A-6A9BB,SYS-4A549A15,16,SYS-4A549A15-F-E2848,FLO-0A30E6,2,Floating Roof Tank at Freeport Storage Facility,2018-01-17 00:00:00,2025-04-16 12:49:39,2025-04-16 12:49:39,2025-04-16 12:49:39,active,2025-04-16 12:49:39,,,74,,,,,,,
SYS-4A549A15-F-E2848-A-75748,SYS-4A549A15,16,SYS-4A549A15-F-E2848,FLO-5F2250,2,Floating Roof Tank at Freeport Storage Facility,2018-03-26 00:00:00,2025-04-16 12:49:39,2025-04-16 12:49:39,2025-04-16 12:49:39,active,2025-04-16 12:49:39,,,69,,,,,,,
SYS-4A549A15-F-E2848-A-AB619,SYS-4A549A15,16,SYS-4A549A15-F-E2848,FLO-CCDE74,2,Floating Roof Tank at Freeport Storage Facility,2016-01-05 00:00:00,2025-04-16 12:49:39,2025-04-16 12:49:39,2025-04-16 12:49:39,maintenance,2025-04-16 12:49:39,,,40,,,,,,,
SYS-4A549A15-F-E2848-A-EB845,SYS-4A549A15,16,SYS-4A549A15-F-E2848,FLO-E16C87,2,Floating Roof Tank at Freeport Storage Facility,2017-11-26 00:00:00,2025-04-16 12:49:39,2025-04-16 12:49:39,2025-04-16 12:49:39,active,2025-04-16 12:49:39,,,42,,,,,,,
SYS-4A549A15-F-E2848-A-AD6EE,SYS-4A549A15,16,SYS-4A549A15-F-E2848,FLO-E6E853,2,Floating Roof Tank at Freeport Storage Facility,2016-01-09 00:00:00,2025-04-16 12:49:39,2025-04-16 12:49:39,2025-04-16 12:49:39,active,2025-04-16 12:49:39,,,54,,,,,,,
SYS-4A549A15-F-E2848-A-7FC4E,SYS-4A549A15,16,SYS-4A549A15-F-E2848,FLO-4E6CC9,2,Floating Roof Tank at Freeport Storage Facility,2017-09-09 00:00:00,2025-04-16 12:49:39,2025-04-16 12:49:39,2025-04-16 12:49:39,active,2025-04-16 12:49:39,,,95,,,,,,,
SYS-4A549A15-F-E2848-A-D42FB,SYS-4A549A15,16,SYS-4A549A15-F-E2848,FLO-85FC44,2,Floating Roof Tank at Freeport Storage Facility,2017-07-03 00:00:00,2025-04-16 12:49:39,2025-04-16 12:49:39,2025-04-16 12:49:39,active,2025-04-16 12:49:39,,,28,,,,,,,
SYS-4A549A15-F-E2848-A-AB61D,SYS-4A549A15,16,SYS-4A549A15-F-E2848,FLO-8697FD,2,Floating Roof Tank at Freeport Storage Facility,2018-07-01 00:00:00,2025-04-16 12:49:39,2025-04-16 12:49:39,2025-04-16 12:49:39,active,2025-04-16 12:49:39,,,47,,,,,,,
SYS-4A549A15-F-E2848-A-B2DB9,SYS-4A549A15,16,SYS-4A549A15-F-E2848,SPH-A0CF5C,3,Spherical Tank at Freeport Storage Facility,2016-06-23 00:00:00,2025-04-16 12:49:39,2025-04-16 12:49:39,2025-04-16 12:49:39,maintenance,2025-04-16 12:49:39,,,100,,,,,,,
SYS-4A549A15-F-E2848-A-68A37,SYS-4A549A15,16,SYS-4A549A15-F-E2848,SPH-22C507,3,Spherical Tank at Freeport Storage Facility,2017-09-26 00:00:00,2025-04-16 12:49:39,2025-04-16 12:49:39,2025-04-16 12:49:39,active,2025-04-16 12:49:39,,,58,,,,,,,
SYS-4A549A15-F-E2848-A-F1F50,SYS-4A549A15,16,SYS-4A549A15-F-E2848,SPH-5308D8,3,Spherical Tank at Freeport Storage Facility,2018-08-29 00:00:00,2025-04-16 12:49:39,2025-04-16 12:49:39,2025-04-16 12:49:39,active,2025-04-16 12:49:39,,,31,,,,,,,
SYS-4A549A15-F-E2848-A-8B34D,SYS-4A549A15,16,SYS-4A549A15-F-E2848,SPH-BD0630,3,Spherical Tank at Freeport Storage Facility,2017-12-03 00:00:00,2025-04-16 12:49:39,2025-04-16 12:49:39,2025-04-16 12:49:39,active,2025-04-16 12:49:39,,,1,,,,,,,
SYS-4A549A15-F-E2848-A-3A8D8,SYS-4A549A15,16,SYS-4A549A15-F-E2848,SPH-059DC5,3,Spherical Tank at Freeport Storage Facility,2015-11-26 00:00:00,2025-04-16 12:49:39,2025-04-16 12:49:39,2025-04-16 12:49:39,active,2025-04-16 12:49:39,,,2,,,,,,,
SYS-4A549A15-F-E2848-A-DA167,SYS-4A549A15,16,SYS-4A549A15-F-E2848,SPH-D674ED,3,Spherical Tank at Freeport Storage Facility,2017-12-03 00:00:00,2025-04-16 12:49:39,2025-04-16 12:49:39,2025-04-16 12:49:39,active,2025-04-16 12:49:39,,,65,,,,,,,
SYS-4A549A15-F-E2848-A-7F4CB,SYS-4A549A15,16,SYS-4A549A15-F-E2848,SPH-8457BD,3,Spherical Tank at Freeport Storage Facility,2015-12-12 00:00:00,2025-04-16 12:49:39,2025-04-16 12:49:39,2025-04-16 12:49:39,active,2025-04-16 12:49:39,,,96,,,,,,,
SYS-4A549A15-F-E2848-A-6D8D1,SYS-4A549A15,16,SYS-4A549A15-F-E2848,SPH-0F0FDE,3,Spherical Tank at Freeport Storage Facility,2017-04-04 00:00:00,2025-04-16 12:49:39,2025-04-16 12:49:39,2025-04-16 12:49:39,active,2025-04-16 12:49:39,,,76,,,,,,,
SYS-4A549A15-F-E2848-A-EEA94,SYS-4A549A15,16,SYS-4A549A15-F-E2848,SPH-DB0E23,3,Spherical Tank at Freeport Storage Facility,2018-05-04 00:00:00,2025-04-16 12:49:39,2025-04-16 12:49:39,2025-04-16 12:49:39,maintenance,2025-04-16 12:49:39,,,34,,,,,,,
SYS-4A549A15-F-E2848-A-34F72,SYS-4A549A15,16,SYS-4A549A15-F-E2848,SPH-84EE70,3,Spherical Tank at Freeport Storage Facility,2018-06-04 00:00:00,2025-04-16 12:49:39,2025-04-16 12:49:39,2025-04-16 12:49:39,active,2025-04-16 12:49:39,,,24,,,,,,,
SYS-4A549A15-F-E2848-A-431F4,SYS-4A549A15,16,SYS-4A549A15-F-E2848,PRO-1DC446,4,Process Pump at Freeport Storage Facility,2017-05-08 00:00:00,2025-04-16 12:49:39,2025-04-16 12:49:39,2025-04-16 12:49:39,active,2025-04-16 12:49:39,,,51,,,,,,,
SYS-4A549A15-F-E2848-A-6A814,SYS-4A549A15,16,SYS-4A549A15-F-E2848,PRO-D5BBEE,4,Process Pump at Freeport Storage Facility,2016-05-17 00:00:00,2025-04-16 12:49:39,2025-04-16 12:49:39,2025-04-16 12:49:39,active,2025-04-16 12:49:39,,,34,,,,,,,
SYS-4A549A15-F-E2848-A-5BC21,SYS-4A549A15,16,SYS-4A549A15-F-E2848,PRO-1C4016,4,Process Pump at Freeport Storage Facility,2017-01-13 00:00:00,2025-04-16 12:49:39,2025-04-16 12:49:39,2025-04-16 12:49:39,active,2025-04-16 12:49:39,,,66,,,,,,,
SYS-4A549A15-F-E2848-A-49314,SYS-4A549A15,16,SYS-4A549A15-F-E2848,PRO-9F2BE9,4,Process Pump at Freeport Storage Facility,2017-10-06 00:00:00,2025-04-16 12:49:39,2025-04-16 12:49:39,2025-04-16 12:49:39,maintenance,2025-04-16 12:49:39,,,68,,,,,,,
SYS-4A549A15-F-E2848-A-7A1C3,SYS-4A549A15,16,SYS-4A549A15-F-E2848,PRO-D39F3B,4,Process Pump at Freeport Storage Facility,2017-10-09 00:00:00,2025-04-16 12:49:39,2025-04-16 12:49:39,2025-04-16 12:49:39,active,2025-04-16 12:49:39,,,43,,,,,,,
SYS-4A549A15-F-E2848-A-766CB,SYS-4A549A15,16,SYS-4A549A15-F-E2848,PRO-CD47C9,4,Process Pump at Freeport Storage Facility,2018-06-07 00:00:00,2025-04-16 12:49:39,2025-04-16 12:49:39,2025-04-16 12:49:39,active,2025-04-16 12:49:39,,,98,,,,,,,
SYS-4A549A15-F-E2848-A-A8100,SYS-4A549A15,16,SYS-4A549A15-F-E2848,PRO-977E0C,4,Process Pump at Freeport Storage Facility,2016-05-15 00:00:00,2025-04-16 12:49:39,2025-04-16 12:49:39,2025-04-16 12:49:39,active,2025-04-16 12:49:39,,,84,,,,,,,
SYS-4A549A15-F-E2848-A-6D733,SYS-4A549A15,16,SYS-4A549A15-F-E2848,PRO-C34B11,4,Process Pump at Freeport Storage Facility,2018-04-17 00:00:00,2025-04-16 12:49:39,2025-04-16 12:49:39,2025-04-16 12:49:39,out_of_service,2025-04-16 12:49:39,,,10,,,,,,,
SYS-4A549A15-F-E2848-A-C08CF,SYS-4A549A15,16,SYS-4A549A15-F-E2848,PRO-C46EC9,4,Process Pump at Freeport Storage Facility,2018-10-10 00:00:00,2025-04-16 12:49:39,2025-04-16 12:49:39,2025-04-16 12:49:39,active,2025-04-16 12:49:39,,,30,,,,,,,
SYS-4A549A15-F-E2848-A-F3435,SYS-4A549A15,16,SYS-4A549A15-F-E2848,CON-7489D4,5,Control Valve at Freeport Storage Facility,2016-05-16 00:00:00,2025-04-16 12:49:39,2025-04-16 12:49:39,2025-04-16 12:49:39,active,2025-04-16 12:49:39,,,87,,,,,,,
SYS-4A549A15-F-E2848-A-8BA6F,SYS-4A549A15,16,SYS-4A549A15-F-E2848,CON-0810BA,5,Control Valve at Freeport Storage Facility,2018-02-10 00:00:00,2025-04-16 12:49:39,2025-04-16 12:49:39,2025-04-16 12:49:39,active,2025-04-16 12:49:39,,,32,,,,,,,
SYS-4A549A15-F-E2848-A-B3A2B,SYS-4A549A15,16,SYS-4A549A15-F-E2848,CON-155730,5,Control Valve at Freeport Storage Facility,2016-03-06 00:00:00,2025-04-16 12:49:39,2025-04-16 12:49:39,2025-04-16 12:49:39,active,2025-04-16 12:49:39,,,42,,,,,,,
SYS-4A549A15-F-E2848-A-42F40,SYS-4A549A15,16,SYS-4A549A15-F-E2848,CON-A27372,5,Control Valve at Freeport Storage Facility,2018-08-05 00:00:00,2025-04-16 12:49:39,2025-04-16 12:49:39,2025-04-16 12:49:39,active,2025-04-16 12:49:39,,,87,,,,,,,
SYS-4A549A15-F-E2848-A-872CD,SYS-4A549A15,16,SYS-4A549A15-F-E2848,CON-636146,5,Control Valve at Freeport Storage Facility,2018-10-20 00:00:00,2025-04-16 12:49:39,2025-04-16 12:49:39,2025-04-16 12:49:39,active,2025-04-16 12:49:39,,,3,,,,,,,
SYS-4A549A15-F-E2848-A-CD5CC,SYS-4A549A15,16,SYS-4A549A15-F-E2848,PIP-14DDB3,6,Pipeline at Freeport Storage Facility,2018-04-19 00:00:00,2025-04-16 12:49:39,2025-04-16 12:49:39,2025-04-16 12:49:39,active,2025-04-16 12:49:39,,,47,,,,,,,
SYS-4A549A15-F-E2848-A-0EED8,SYS-4A549A15,16,SYS-4A549A15-F-E2848,PIP-560371,6,Pipeline at Freeport Storage Facility,2016-12-02 00:00:00,2025-04-16 12:49:39,2025-04-16 12:49:39,2025-04-16 12:49:39,active,2025-04-16 12:49:39,,,87,,,,,,,
SYS-4A549A15-F-E2848-A-90B8C,SYS-4A549A15,16,SYS-4A549A15-F-E2848,PIP-E7188D,6,Pipeline at Freeport Storage Facility,2018-01-15 00:00:00,2025-04-16 12:49:39,2025-04-16 12:49:39,2025-04-16 12:49:39,active,2025-04-16 12:49:39,,,50,,,,,,,
SYS-4A549A15-F-E2848-A-A4646,SYS-4A549A15,16,SYS-4A549A15-F-E2848,PIP-3F4110,6,Pipeline at Freeport Storage Facility,2017-03-25 00:00:00,2025-04-16 12:49:39,2025-04-16 12:49:39,2025-04-16 12:49:39,active,2025-04-16 12:49:39,,,18,,,,,,,
SYS-4A549A15-F-E2848-A-8E74B,SYS-4A549A15,16,SYS-4A549A15-F-E2848,PIP-02E311,6,Pipeline at Freeport Storage Facility,2018-03-11 00:00:00,2025-04-16 12:49:39,2025-04-16 12:49:39,2025-04-16 12:49:39,active,2025-04-16 12:49:39,,,90,,,,,,,
SYS-4A549A15-F-E2848-A-28B0C,SYS-4A549A15,16,SYS-4A549A15-F-E2848,HEA-549DB7,7,Heat Exchanger at Freeport Storage Facility,2017-12-01 00:00:00,2025-04-16 12:49:39,2025-04-16 12:49:39,2025-04-16 12:49:39,active,2025-04-16 12:49:39,,,14,,,,,,,
SYS-4A549A15-F-E2848-A-E2C24,SYS-4A549A15,16,SYS-4A549A15-F-E2848,HEA-60F49B,7,Heat Exchanger at Freeport Storage Facility,2018-09-27 00:00:00,2025-04-16 12:49:39,2025-04-16 12:49:39,2025-04-16 12:49:39,active,2025-04-16 12:49:39,,,82,,,,,,,
SYS-4A549A15-F-E2848-A-65134,SYS-4A549A15,16,SYS-4A549A15-F-E2848,HEA-9DC19C,7,Heat Exchanger at Freeport Storage Facility,2017-11-21 00:00:00,2025-04-16 12:49:39,2025-04-16 12:49:39,2025-04-16 12:49:39,active,2025-04-16 12:49:39,,,97,,,,,,,
SYS-4A549A15-F-E2848-A-1AE39,SYS-4A549A15,16,SYS-4A549A15-F-E2848,HEA-B83309,7,Heat Exchanger at Freeport Storage Facility,2018-10-02 00:00:00,2025-04-16 12:49:39,2025-04-16 12:49:39,2025-04-16 12:49:39,active,2025-04-16 12:49:39,,,35,,,,,,,
SYS-4A549A15-F-E2848-A-ADAFE,SYS-4A549A15,16,SYS-4A549A15-F-E2848,HEA-A01F8B,7,Heat Exchanger at Freeport Storage Facility,2017-08-27 00:00:00,2025-04-16 12:49:39,2025-04-16 12:49:39,2025-04-16 12:49:39,active,2025-04-16 12:49:39,,,18,,,,,,,
SYS-4A549A15-F-E2848-A-9B3D2,SYS-4A549A15,16,SYS-4A549A15-F-E2848,HEA-EC95A0,7,Heat Exchanger at Freeport Storage Facility,2017-07-01 00:00:00,2025-04-16 12:49:39,2025-04-16 12:49:39,2025-04-16 12:49:39,active,2025-04-16 12:49:39,,,79,,,,,,,
SYS-4A549A15-F-E2848-A-BAD0E,SYS-4A549A15,16,SYS-4A549A15-F-E2848,HEA-20A59D,7,Heat Exchanger at Freeport Storage Facility,2018-08-19 00:00:00,2025-04-16 12:49:39,2025-04-16 12:49:39,2025-04-16 12:49:39,active,2025-04-16 12:49:39,,,47,,,,,,,
SYS-4A549A15-F-E2848-A-0EEC1,SYS-4A549A15,16,SYS-4A549A15-F-E2848,HEA-CA163E,7,Heat Exchanger at Freeport Storage Facility,2017-12-07 00:00:00,2025-04-16 12:49:39,2025-04-16 12:49:39,2025-04-16 12:49:39,active,2025-04-16 12:49:39,,,19,,,,,,,
SYS-4A549A15-F-E2848-A-50054,SYS-4A549A15,16,SYS-4A549A15-F-E2848,HEA-2FF45F,7,Heat Exchanger at Freeport Storage Facility,2016-02-18 00:00:00,2025-04-16 12:49:39,2025-04-16 12:49:39,2025-04-16 12:49:39,active,2025-04-16 12:49:39,,,71,,,,,,,
SYS-4A549A15-F-E2848-A-F3B5C,SYS-4A549A15,16,SYS-4A549A15-F-E2848,COM-9FDCA6,8,Compressor at Freeport Storage Facility,2016-08-26 00:00:00,2025-04-16 12:49:39,2025-04-16 12:49:39,2025-04-16 12:49:39,active,2025-04-16 12:49:39,,,68,,,,,,,
SYS-4A549A15-F-E2848-A-E78E8,SYS-4A549A15,16,SYS-4A549A15-F-E2848,COM-EB8D33,8,Compressor at Freeport Storage Facility,2016-03-29 00:00:00,2025-04-16 12:49:39,2025-04-16 12:49:39,2025-04-16 12:49:39,active,2025-04-16 12:49:39,,,87,,,,,,,
SYS-4A549A15-F-E2848-A-376FE,SYS-4A549A15,16,SYS-4A549A15-F-E2848,COM-007FBF,8,Compressor at Freeport Storage Facility,2018-10-30 00:00:00,2025-04-16 12:49:39,2025-04-16 12:49:39,2025-04-16 12:49:39,active,2025-04-16 12:49:39,,,9,,,,,,,
SYS-4A549A15-F-E2848-A-8D8DF,SYS-4A549A15,16,SYS-4A549A15-F-E2848,COM-FE45C4,8,Compressor at Freeport Storage Facility,2017-11-04 00:00:00,2025-04-16 12:49:39,2025-04-16 12:49:39,2025-04-16 12:49:39,active,2025-04-16 12:49:39,,,91,,,,,,,
SYS-4A549A15-F-E2848-A-E1A29,SYS-4A549A15,16,SYS-4A549A15-F-E2848,COM-C63CE8,8,Compressor at Freeport Storage Facility,2017-05-29 00:00:00,2025-04-16 12:49:39,2025-04-16 12:49:39,2025-04-16 12:49:39,active,2025-04-16 12:49:39,,,58,,,,,,,
SYS-4A549A15-F-E2848-A-5D521,SYS-4A549A15,16,SYS-4A549A15-F-E2848,COM-D830EB,8,Compressor at Freeport Storage Facility,2017-01-23 00:00:00,2025-04-16 12:49:39,2025-04-16 12:49:39,2025-04-16 12:49:39,active,2025-04-16 12:49:39,,,57,,,,,,,
SYS-1D3407DB-F-13083-A-CAEFC,SYS-1D3407DB,3,SYS-1D3407DB-F-13083,FIX-55A733,1,Fixed Roof Tank at Baton Rouge Terminal,2017-09-14 00:00:00,2025-04-16 12:49:39,2025-04-16 12:49:39,2025-04-16 12:49:39,active,2025-04-16 12:49:39,,,32,,,,,,,
SYS-1D3407DB-F-13083-A-5FE30,SYS-1D3407DB,3,SYS-1D3407DB-F-13083,FIX-3AE15E,1,Fixed Roof Tank at Baton Rouge Terminal,2017-02-02 00:00:00,2025-04-16 12:49:39,2025-04-16 12:49:39,2025-04-16 12:49:39,active,2025-04-16 12:49:39,,,80,,,,,,,
SYS-1D3407DB-F-13083-A-ED326,SYS-1D3407DB,3,SYS-1D3407DB-F-13083,FIX-E7312C,1,Fixed Roof Tank at Baton Rouge Terminal,2018-04-10 00:00:00,2025-04-16 12:49:39,2025-04-16 12:49:39,2025-04-16 12:49:39,active,2025-04-16 12:49:39,,,80,,,,,,,
SYS-1D3407DB-F-13083-A-726CA,SYS-1D3407DB,3,SYS-1D3407DB-F-13083,FIX-49031D,1,Fixed Roof Tank at Baton Rouge Terminal,2018-02-16 00:00:00,2025-04-16 12:49:39,2025-04-16 12:49:39,2025-04-16 12:49:39,active,2025-04-16 12:49:39,,,17,,,,,,,
SYS-1D3407DB-F-13083-A-CDC33,SYS-1D3407DB,3,SYS-1D3407DB-F-13083,FIX-06D6B0,1,Fixed Roof Tank at Baton Rouge Terminal,2018-03-01 00:00:00,2025-04-16 12:49:39,2025-04-16 12:49:39,2025-04-16 12:49:39,active,2025-04-16 12:49:39,,,8,,,,,,,
SYS-1D3407DB-F-13083-A-2C332,SYS-1D3407DB,3,SYS-1D3407DB-F-13083,FIX-923AC8,1,Fixed Roof Tank at Baton Rouge Terminal,2017-01-17 00:00:00,2025-04-16 12:49:39,2025-04-16 12:49:39,2025-04-16 12:49:39,active,2025-04-16 12:49:39,,,99,,,,,,,
SYS-1D3407DB-F-13083-A-13BC7,SYS-1D3407DB,3,SYS-1D3407DB-F-13083,FIX-89E03E,1,Fixed Roof Tank at Baton Rouge Terminal,2017-03-29 00:00:00,2025-04-16 12:49:39,2025-04-16 12:49:39,2025-04-16 12:49:39,active,2025-04-16 12:49:39,,,99,,,,,,,
SYS-1D3407DB-F-13083-A-2D51A,SYS-1D3407DB,3,SYS-1D3407DB-F-13083,FIX-A2FA2F,1,Fixed Roof Tank at Baton Rouge Terminal,2017-11-14 00:00:00,2025-04-16 12:49:39,2025-04-16 12:49:39,2025-04-16 12:49:39,active,2025-04-16 12:49:39,,,30,,,,,,,
SYS-1D3407DB-F-13083-A-F8899,SYS-1D3407DB,3,SYS-1D3407DB-F-13083,FIX-637A95,1,Fixed Roof Tank at Baton Rouge Terminal,2017-08-28 00:00:00,2025-04-16 12:49:39,2025-04-16 12:49:39,2025-04-16 12:49:39,active,2025-04-16 12:49:39,,,42,,,,,,,
SYS-1D3407DB-F-13083-A-7B100,SYS-1D3407DB,3,SYS-1D3407DB-F-13083,FIX-C811A9,1,Fixed Roof Tank at Baton Rouge Terminal,2017-07-24 00:00:00,2025-04-16 12:49:39,2025-04-16 12:49:39,2025-04-16 12:49:39,active,2025-04-16 12:49:39,,,90,,,,,,,
SYS-1D3407DB-F-13083-A-3D142,SYS-1D3407DB,3,SYS-1D3407DB-F-13083,FLO-F0703A,2,Floating Roof Tank at Baton Rouge Terminal,2016-12-17 00:00:00,2025-04-16 12:49:39,2025-04-16 12:49:39,2025-04-16 12:49:39,active,2025-04-16 12:49:39,,,42,,,,,,,
SYS-1D3407DB-F-13083-A-348B9,SYS-1D3407DB,3,SYS-1D3407DB-F-13083,FLO-10E53F,2,Floating Roof Tank at Baton Rouge Terminal,2017-12-01 00:00:00,2025-04-16 12:49:39,2025-04-16 12:49:39,2025-04-16 12:49:39,active,2025-04-16 12:49:39,,,5,,,,,,,
SYS-1D3407DB-F-13083-A-6FE17,SYS-1D3407DB,3,SYS-1D3407DB-F-13083,FLO-CDDE2A,2,Floating Roof Tank at Baton Rouge Terminal,2018-12-06 00:00:00,2025-04-16 12:49:39,2025-04-16 12:49:39,2025-04-16 12:49:39,active,2025-04-16 12:49:39,,,45,,,,,,,
SYS-1D3407DB-F-13083-A-8A641,SYS-1D3407DB,3,SYS-1D3407DB-F-13083,FLO-6B2DE3,2,Floating Roof Tank at Baton Rouge Terminal,2017-07-26 00:00:00,2025-04-16 12:49:39,2025-04-16 12:49:39,2025-04-16 12:49:39,active,2025-04-16 12:49:39,,,14,,,,,,,
SYS-1D3407DB-F-13083-A-4EBD4,SYS-1D3407DB,3,SYS-1D3407DB-F-13083,FLO-373D4F,2,Floating Roof Tank at Baton Rouge Terminal,2016-08-01 00:00:00,2025-04-16 12:49:39,2025-04-16 12:49:39,2025-04-16 12:49:39,active,2025-04-16 12:49:39,,,4,,,,,,,
SYS-1D3407DB-F-13083-A-7E7C8,SYS-1D3407DB,3,SYS-1D3407DB-F-13083,FLO-56B68F,2,Floating Roof Tank at Baton Rouge Terminal,2018-02-09 00:00:00,2025-04-16 12:49:39,2025-04-16 12:49:39,2025-04-16 12:49:39,maintenance,2025-04-16 12:49:39,,,89,,,,,,,
SYS-1D3407DB-F-13083-A-164E2,SYS-1D3407DB,3,SYS-1D3407DB-F-13083,FLO-375DD5,2,Floating Roof Tank at Baton Rouge Terminal,2017-05-31 00:00:00,2025-04-16 12:49:39,2025-04-16 12:49:39,2025-04-16 12:49:39,active,2025-04-16 12:49:39,,,96,,,,,,,
SYS-1D3407DB-F-13083-A-CE62A,SYS-1D3407DB,3,SYS-1D3407DB-F-13083,SPH-20AA4C,3,Spherical Tank at Baton Rouge Terminal,2016-09-03 00:00:00,2025-04-16 12:49:39,2025-04-16 12:49:39,2025-04-16 12:49:39,active,2025-04-16 12:49:39,,,70,,,,,,,
SYS-1D3407DB-F-13083-A-8C703,SYS-1D3407DB,3,SYS-1D3407DB-F-13083,SPH-857AC1,3,Spherical Tank at Baton Rouge Terminal,2017-08-22 00:00:00,2025-04-16 12:49:39,2025-04-16 12:49:39,2025-04-16 12:49:39,active,2025-04-16 12:49:39,,,2,,,,,,,
SYS-1D3407DB-F-13083-A-09389,SYS-1D3407DB,3,SYS-1D3407DB-F-13083,SPH-717B3E,3,Spherical Tank at Baton Rouge Terminal,2019-01-20 00:00:00,2025-04-16 12:49:39,2025-04-16 12:49:39,2025-04-16 12:49:39,active,2025-04-16 12:49:39,,,12,,,,,,,
SYS-1D3407DB-F-13083-A-562CC,SYS-1D3407DB,3,SYS-1D3407DB-F-13083,SPH-6485E9,3,Spherical Tank at Baton Rouge Terminal,2016-11-28 00:00:00,2025-04-16 12:49:39,2025-04-16 12:49:39,2025-04-16 12:49:39,active,2025-04-16 12:49:39,,,87,,,,,,,
SYS-1D3407DB-F-13083-A-5E702,SYS-1D3407DB,3,SYS-1D3407DB-F-13083,SPH-424221,3,Spherical Tank at Baton Rouge Terminal,2017-08-08 00:00:00,2025-04-16 12:49:39,2025-04-16 12:49:39,2025-04-16 12:49:39,active,2025-04-16 12:49:39,,,33,,,,,,,
SYS-1D3407DB-F-13083-A-DC937,SYS-1D3407DB,3,SYS-1D3407DB-F-13083,SPH-D77BF4,3,Spherical Tank at Baton Rouge Terminal,2017-07-13 00:00:00,2025-04-16 12:49:39,2025-04-16 12:49:39,2025-04-16 12:49:39,active,2025-04-16 12:49:39,,,30,,,,,,,
SYS-1D3407DB-F-13083-A-3E960,SYS-1D3407DB,3,SYS-1D3407DB-F-13083,PRO-433D09,4,Process Pump at Baton Rouge Terminal,2018-12-20 00:00:00,2025-04-16 12:49:39,2025-04-16 12:49:39,2025-04-16 12:49:39,active,2025-04-16 12:49:39,,,90,,,,,,,
SYS-1D3407DB-F-13083-A-1CB6E,SYS-1D3407DB,3,SYS-1D3407DB-F-13083,PRO-C0F38F,4,Process Pump at Baton Rouge Terminal,2017-02-20 00:00:00,2025-04-16 12:49:39,2025-04-16 12:49:39,2025-04-16 12:49:39,active,2025-04-16 12:49:39,,,79,,,,,,,
SYS-1D3407DB-F-13083-A-51415,SYS-1D3407DB,3,SYS-1D3407DB-F-13083,PRO-AB85E2,4,Process Pump at Baton Rouge Terminal,2017-10-18 00:00:00,2025-04-16 12:49:39,2025-04-16 12:49:39,2025-04-16 12:49:39,active,2025-04-16 12:49:39,,,30,,,,,,,
SYS-1D3407DB-F-13083-A-CDB51,SYS-1D3407DB,3,SYS-1D3407DB-F-13083,PRO-811D99,4,Process Pump at Baton Rouge Terminal,2018-04-17 00:00:00,2025-04-16 12:49:39,2025-04-16 12:49:39,2025-04-16 12:49:39,active,2025-04-16 12:49:39,,,62,,,,,,,
SYS-1D3407DB-F-13083-A-16F29,SYS-1D3407DB,3,SYS-1D3407DB-F-13083,PRO-95D5AD,4,Process Pump at Baton Rouge Terminal,2017-07-01 00:00:00,2025-04-16 12:49:39,2025-04-16 12:49:39,2025-04-16 12:49:39,active,2025-04-16 12:49:39,,,52,,,,,,,
SYS-1D3407DB-F-13083-A-2764E,SYS-1D3407DB,3,SYS-1D3407DB-F-13083,PRO-A8066B,4,Process Pump at Baton Rouge Terminal,2018-07-05 00:00:00,2025-04-16 12:49:39,2025-04-16 12:49:39,2025-04-16 12:49:39,active,2025-04-16 12:49:39,,,29,,,,,,,
SYS-1D3407DB-F-13083-A-BD6F1,SYS-1D3407DB,3,SYS-1D3407DB-F-13083,CON-9EDEB3,5,Control Valve at Baton Rouge Terminal,2017-06-08 00:00:00,2025-04-16 12:49:39,2025-04-16 12:49:39,2025-04-16 12:49:39,active,2025-04-16 12:49:39,,,16,,,,,,,
SYS-1D3407DB-F-13083-A-3AC83,SYS-1D3407DB,3,SYS-1D3407DB-F-13083,CON-2D6CAD,5,Control Valve at Baton Rouge Terminal,2017-07-02 00:00:00,2025-04-16 12:49:39,2025-04-16 12:49:39,2025-04-16 12:49:39,active,2025-04-16 12:49:39,,,63,,,,,,,
SYS-1D3407DB-F-13083-A-3C578,SYS-1D3407DB,3,SYS-1D3407DB-F-13083,CON-930DDE,5,Control Valve at Baton Rouge Terminal,2018-03-02 00:00:00,2025-04-16 12:49:39,2025-04-16 12:49:39,2025-04-16 12:49:39,active,2025-04-16 12:49:39,,,87,,,,,,,
SYS-1D3407DB-F-13083-A-8EE12,SYS-1D3407DB,3,SYS-1D3407DB-F-13083,CON-519B54,5,Control Valve at Baton Rouge Terminal,2018-01-24 00:00:00,2025-04-16 12:49:39,2025-04-16 12:49:39,2025-04-16 12:49:39,active,2025-04-16 12:49:39,,,31,,,,,,,
SYS-1D3407DB-F-13083-A-BD72C,SYS-1D3407DB,3,SYS-1D3407DB-F-13083,CON-78A220,5,Control Valve at Baton Rouge Terminal,2016-05-10 00:00:00,2025-04-16 12:49:39,2025-04-16 12:49:39,2025-04-16 12:49:39,active,2025-04-16 12:49:39,,,37,,,,,,,
SYS-1D3407DB-F-13083-A-241A4,SYS-1D3407DB,3,SYS-1D3407DB-F-13083,PIP-5B4420,6,Pipeline at Baton Rouge Terminal,2017-07-18 00:00:00,2025-04-16 12:49:39,2025-04-16 12:49:39,2025-04-16 12:49:39,active,2025-04-16 12:49:39,,,94,,,,,,,
SYS-1D3407DB-F-13083-A-3B1F4,SYS-1D3407DB,3,SYS-1D3407DB-F-13083,PIP-5BFFC7,6,Pipeline at Baton Rouge Terminal,2016-09-10 00:00:00,2025-04-16 12:49:39,2025-04-16 12:49:39,2025-04-16 12:49:39,active,2025-04-16 12:49:39,,,19,,,,,,,
SYS-1D3407DB-F-13083-A-D4E5C,SYS-1D3407DB,3,SYS-1D3407DB-F-13083,PIP-213BBE,6,Pipeline at Baton Rouge Terminal,2016-04-13 00:00:00,2025-04-16 12:49:39,2025-04-16 12:49:39,2025-04-16 12:49:39,active,2025-04-16 12:49:39,,,1,,,,,,,
SYS-1D3407DB-F-13083-A-C9C08,SYS-1D3407DB,3,SYS-1D3407DB-F-13083,PIP-CB4B31,6,Pipeline at Baton Rouge Terminal,2016-11-07 00:00:00,2025-04-16 12:49:39,2025-04-16 12:49:39,2025-04-16 12:49:39,active,2025-04-16 12:49:39,,,74,,,,,,,
SYS-1D3407DB-F-13083-A-D09D2,SYS-1D3407DB,3,SYS-1D3407DB-F-13083,PIP-AB2766,6,Pipeline at Baton Rouge Terminal,2017-01-21 00:00:00,2025-04-16 12:49:39,2025-04-16 12:49:39,2025-04-16 12:49:39,active,2025-04-16 12:49:39,,,21,,,,,,,
SYS-1D3407DB-F-13083-A-9B4E6,SYS-1D3407DB,3,SYS-1D3407DB-F-13083,PIP-7C2A21,6,Pipeline at Baton Rouge Terminal,2017-02-26 00:00:00,2025-04-16 12:49:39,2025-04-16 12:49:39,2025-04-16 12:49:39,active,2025-04-16 12:49:39,,,3,,,,,,,
SYS-1D3407DB-F-13083-A-80B81,SYS-1D3407DB,3,SYS-1D3407DB-F-13083,PIP-FF7E1D,6,Pipeline at Baton Rouge Terminal,2017-02-03 00:00:00,2025-04-16 12:49:39,2025-04-16 12:49:39,2025-04-16 12:49:39,active,2025-04-16 12:49:39,,,63,,,,,,,
SYS-1D3407DB-F-13083-A-29370,SYS-1D3407DB,3,SYS-1D3407DB-F-13083,PIP-627390,6,Pipeline at Baton Rouge Terminal,2016-05-15 00:00:00,2025-04-16 12:49:39,2025-04-16 12:49:39,2025-04-16 12:49:39,active,2025-04-16 12:49:39,,,80,,,,,,,
SYS-1D3407DB-F-13083-A-13A37,SYS-1D3407DB,3,SYS-1D3407DB-F-13083,HEA-464621,7,Heat Exchanger at Baton Rouge Terminal,2016-12-10 00:00:00,2025-04-16 12:49:39,2025-04-16 12:49:39,2025-04-16 12:49:39,active,2025-04-16 12:49:39,,,26,,,,,,,
SYS-1D3407DB-F-13083-A-BA941,SYS-1D3407DB,3,SYS-1D3407DB-F-13083,HEA-2846AB,7,Heat Exchanger at Baton Rouge Terminal,2016-05-08 00:00:00,2025-04-16 12:49:39,2025-04-16 12:49:39,2025-04-16 12:49:39,active,2025-04-16 12:49:39,,,50,,,,,,,
SYS-1D3407DB-F-13083-A-F2AC4,SYS-1D3407DB,3,SYS-1D3407DB-F-13083,HEA-C2396D,7,Heat Exchanger at Baton Rouge Terminal,2016-05-18 00:00:00,2025-04-16 12:49:39,2025-04-16 12:49:39,2025-04-16 12:49:39,active,2025-04-16 12:49:39,,,45,,,,,,,
SYS-1D3407DB-F-13083-A-06527,SYS-1D3407DB,3,SYS-1D3407DB-F-13083,HEA-9BA17B,7,Heat Exchanger at Baton Rouge Terminal,2018-02-04 00:00:00,2025-04-16 12:49:39,2025-04-16 12:49:39,2025-04-16 12:49:39,active,2025-04-16 12:49:39,,,76,,,,,,,
SYS-1D3407DB-F-13083-A-64417,SYS-1D3407DB,3,SYS-1D3407DB-F-13083,HEA-ADBF56,7,Heat Exchanger at Baton Rouge Terminal,2016-10-11 00:00:00,2025-04-16 12:49:39,2025-04-16 12:49:39,2025-04-16 12:49:39,active,2025-04-16 12:49:39,,,30,,,,,,,
SYS-1D3407DB-F-13083-A-854F3,SYS-1D3407DB,3,SYS-1D3407DB-F-13083,HEA-6FD360,7,Heat Exchanger at Baton Rouge Terminal,2016-05-17 00:00:00,2025-04-16 12:49:39,2025-04-16 12:49:39,2025-04-16 12:49:39,active,2025-04-16 12:49:39,,,48,,,,,,,
SYS-1D3407DB-F-13083-A-C9DBB,SYS-1D3407DB,3,SYS-1D3407DB-F-13083,HEA-839E47,7,Heat Exchanger at Baton Rouge Terminal,2017-12-02 00:00:00,2025-04-16 12:49:39,2025-04-16 12:49:39,2025-04-16 12:49:39,active,2025-04-16 12:49:39,,,57,,,,,,,
SYS-1D3407DB-F-13083-A-FEDF4,SYS-1D3407DB,3,SYS-1D3407DB-F-13083,COM-B9FAA5,8,Compressor at Baton Rouge Terminal,2017-11-05 00:00:00,2025-04-16 12:49:39,2025-04-16 12:49:39,2025-04-16 12:49:39,active,2025-04-16 12:49:39,,,20,,,,,,,
SYS-1D3407DB-F-13083-A-98B45,SYS-1D3407DB,3,SYS-1D3407DB-F-13083,COM-CEF58B,8,Compressor at Baton Rouge Terminal,2016-06-02 00:00:00,2025-04-16 12:49:39,2025-04-16 12:49:39,2025-04-16 12:49:39,active,2025-04-16 12:49:39,,,,,,,,,,
SYS-1D3407DB-F-13083-A-700BB,SYS-1D3407DB,3,SYS-1D3407DB-F-13083,COM-B398EC,8,Compressor at Baton Rouge Terminal,2018-05-21 00:00:00,2025-04-16 12:49:39,2025-04-16 12:49:39,2025-04-16 12:49:39,active,2025-04-16 12:49:39,,,57,,,,,,,
SYS-1D3407DB-F-13083-A-92D6F,SYS-1D3407DB,3,SYS-1D3407DB-F-13083,COM-002B02,8,Compressor at Baton Rouge Terminal,2018-10-20 00:00:00,2025-04-16 12:49:39,2025-04-16 12:49:39,2025-04-16 12:49:39,active,2025-04-16 12:49:39,,,3,,,,,,,
SYS-1D3407DB-F-13083-A-A007B,SYS-1D3407DB,3,SYS-1D3407DB-F-13083,COM-E73C0D,8,Compressor at Baton Rouge Terminal,2016-07-13 00:00:00,2025-04-16 12:49:39,2025-04-16 12:49:39,2025-04-16 12:49:39,active,2025-04-16 12:49:39,,,88,,,,,,,
SYS-1D3407DB-F-13083-A-CCAFA,SYS-1D3407DB,3,SYS-1D3407DB-F-13083,COM-42961B,8,Compressor at Baton Rouge Terminal,2016-07-28 00:00:00,2025-04-16 12:49:39,2025-04-16 12:49:39,2025-04-16 12:49:39,active,2025-04-16 12:49:39,,,28,,,,,,,
SYS-1D3407DB-F-13083-A-DC534,SYS-1D3407DB,3,SYS-1D3407DB-F-13083,COM-B558CD,8,Compressor at Baton Rouge Terminal,2018-09-23 00:00:00,2025-04-16 12:49:39,2025-04-16 12:49:39,2025-04-16 12:49:39,active,2025-04-16 12:49:39,,,89,,,,,,,
SYS-1D3407DB-F-13083-A-84BC2,SYS-1D3407DB,3,SYS-1D3407DB-F-13083,COM-E68164,8,Compressor at Baton Rouge Terminal,2018-04-21 00:00:00,2025-04-16 12:49:39,2025-04-16 12:49:39,2025-04-16 12:49:39,maintenance,2025-04-16 12:49:39,,,18,,,,,,,
1,SYS-81E30F2D,4,SYS-81E30F2D-F-8A83B,Asset_1,1,Sample description,2024-12-22 11:36:50,2016-12-11 11:36:50,2025-01-14 11:36:50,2038-05-22 11:36:50,Active,2025-04-16 13:26:06,35.5179231,140.047787,97,253.2194611,5,159.9874808,8.0186589,17.23331677,4,6
2,SYS-81E30F2D,4,SYS-81E30F2D-F-8A83B,Asset_2,1,Sample description,2024-11-12 11:36:50,2016-09-13 11:36:50,2024-11-14 11:36:50,2032-09-16 11:36:50,Inactive,2025-04-16 13:26:06,35.5179231,140.047787,29,302.452996,5,78.57837146,1.356569428,10.35327927,2,3
3,SYS-81E30F2D,1,SYS-81E30F2D-F-8A83B,Asset_3,1,Sample description,2024-05-22 11:36:50,2020-10-06 11:36:50,2024-06-05 11:36:50,2027-07-06 11:36:50,Maintenance,2025-04-16 13:26:06,35.5179231,140.047787,25,173.7795065,6,110.1771982,5.324562525,5.697390414,1,2
4,SYS-81E30F2D,3,SYS-81E30F2D-F-8A83B,Asset_4,1,Sample description,2025-02-21 11:36:50,2021-09-05 11:36:50,2025-03-14 11:36:50,2036-08-20 11:36:50,Maintenance,2025-04-16 13:26:06,35.5179231,140.047787,33,387.7469798,7,209.3777001,1.944371606,17.54424812,2,4
5,SYS-81E30F2D,1,SYS-81E30F2D-F-8A83B,Asset_5,1,Sample description,2024-10-24 11:36:50,2018-03-31 11:36:50,2024-11-01 11:36:50,2035-12-10 11:36:50,Maintenance,2025-04-16 13:26:06,35.5179231,140.047787,57,62.23314404,8,48.5322308,3.178405143,9.460799845,2,5
6,SYS-81E30F2D,3,SYS-81E30F2D-F-8A83B,Asset_6,1,Sample description,2025-03-05 11:36:50,2017-07-19 11:36:50,2025-03-13 11:36:50,2029-08-02 11:36:50,Maintenance,2025-04-16 13:26:06,35.5179231,140.047787,100,46.81751305,8,5.008567454,9.879963339,10.78152972,4,4
7,SYS-81E30F2D,1,SYS-81E30F2D-F-8A83B,Asset_7,1,Sample description,2024-08-18 11:36:50,2017-04-21 11:36:50,2024-09-06 11:36:50,2038-01-06 11:36:50,Inactive,2025-04-16 13:26:06,35.5179231,140.047787,85,366.8124905,2,279.1545403,2.282459886,7.825434019,2,3
8,SYS-81E30F2D,3,SYS-81E30F2D-F-8A83B,Asset_8,1,Sample description,2025-02-21 11:36:50,2022-03-05 11:36:50,2025-02-28 11:36:50,2037-05-05 11:36:50,Inactive,2025-04-16 13:26:06,35.5179231,140.047787,54,252.7907449,9,136.8271816,5.489993381,12.26606618,3,8
9,SYS-81E30F2D,1,SYS-81E30F2D-F-8A83B,Asset_9,1,Sample description,2025-01-09 11:36:50,2012-09-29 11:36:50,2025-01-28 11:36:50,2033-02-03 11:36:50,Active,2025-04-16 13:26:06,35.5179231,140.047787,78,347.3171742,7,334.4636616,6.563401609,4.106953579,2,4
10,SYS-81E30F2D,4,SYS-81E30F2D-F-8A83B,Asset_10,1,Sample description,2024-02-18 11:36:50,2011-10-08 11:36:50,2024-02-24 11:36:50,2029-08-29 11:36:50,Active,2025-04-16 13:26:06,35.5179231,140.047787,34,223.0653959,4,76.25985007,7.322184735,8.430549196,2,2
11,SYS-81E30F2D,2,SYS-81E30F2D-F-8A83B,Asset_11,1,Sample description,2025-01-10 11:36:50,2014-08-20 11:36:50,2025-01-16 11:36:50,2027-12-02 11:36:50,Active,2025-04-16 13:26:06,35.5179231,140.047787,96,130.7369963,4,82.70708609,6.036838151,19.41883412,2,2
12,SYS-81E30F2D,1,SYS-81E30F2D-F-8A83B,Asset_12,1,Sample description,2024-07-28 11:36:50,2017-01-02 11:36:50,2024-07-31 11:36:50,2035-10-22 11:36:50,Active,2025-04-16 13:26:06,35.5179231,140.047787,26,411.3601357,8,383.3992079,1.087937627,5.904535221,1,1
13,SYS-81E30F2D,3,SYS-81E30F2D-F-8A83B,Asset_13,1,Sample description,2024-11-29 11:36:50,2016-03-28 11:36:50,2024-12-06 11:36:50,2037-05-05 11:36:50,Inactive,2025-04-16 13:26:06,35.5179231,140.047787,4,401.7137807,4,41.17957039,3.938151774,13.47799663,1,4
14,SYS-81E30F2D,4,SYS-81E30F2D-F-8A83B,Asset_14,1,Sample description,2024-10-23 11:36:50,2012-04-20 11:36:50,2024-11-11 11:36:50,2036-10-26 11:36:50,Maintenance,2025-04-16 13:26:06,35.5179231,140.047787,19,350.4012707,6,328.4060529,5.65940479,7.17861122,3,
15,SYS-81E30F2D,1,SYS-81E30F2D-F-8A83B,Asset_15,1,Sample description,2024-11-27 11:36:50,2020-02-01 11:36:50,2024-12-05 11:36:50,2036-11-20 11:36:50,Inactive,2025-04-16 13:26:06,35.5179231,140.047787,48,143.3511172,5,98.60918683,1.790798492,15.69598939,3,7
16,SYS-81E30F2D,1,SYS-81E30F2D-F-8A83B,Asset_16,1,Sample description,2024-08-02 11:36:50,2020-08-31 11:36:50,2024-08-12 11:36:50,2037-09-30 11:36:50,Active,2025-04-16 13:26:06,35.5179231,140.047787,78,299.2130268,3,20.29773178,4.155642381,3.486599554,1,7
17,SYS-81E30F2D,4,SYS-81E30F2D-F-8A83B,Asset_17,1,Sample description,2024-11-27 11:36:50,2016-12-20 11:36:50,2024-12-17 11:36:50,2035-06-09 11:36:50,Inactive,2025-04-16 13:26:06,35.5179231,140.047787,37,186.8772095,2,56.24323155,1.298827979,19.42659986,3,7
18,SYS-81E30F2D,1,SYS-81E30F2D-F-8A83B,Asset_18,1,Sample description,2023-12-04 11:36:50,2022-07-12 11:36:50,2023-12-19 11:36:50,2030-08-14 11:36:50,Maintenance,2025-04-16 13:26:06,35.5179231,140.047787,29,54.87521593,9,38.86109628,1.707206474,9.622001286,1,8
19,SYS-81E30F2D,2,SYS-81E30F2D-F-8A83B,Asset_19,1,Sample description,2025-02-12 11:36:50,2021-11-03 11:36:50,2025-02-27 11:36:50,2032-10-20 11:36:50,Maintenance,2025-04-16 13:26:06,35.5179231,140.047787,19,459.483652,9,30.94650033,4.572309486,5.484958804,4,1
20,SYS-81E30F2D,1,SYS-81E30F2D-F-8A83B,Asset_20,1,Sample description,2024-11-27 11:36:50,2017-03-27 11:36:50,2024-12-26 11:36:50,2035-07-23 11:36:50,Inactive,2025-04-16 13:26:06,35.5179231,140.047787,68,77.04112915,1,44.85106961,2.194441786,2.396438199,2,8
21,SYS-81E30F2D,2,SYS-81E30F2D-F-8A83B,Asset_21,1,Sample description,2024-06-27 11:36:50,2017-12-21 11:36:50,2024-06-28 11:36:50,2031-09-16 11:36:50,Inactive,2025-04-16 13:26:06,35.5179231,140.047787,17,475.6163034,3,164.5076209,6.107867634,4.225400197,2,4
22,SYS-81E30F2D,2,SYS-81E30F2D-F-8A83B,Asset_22,1,Sample description,2024-01-19 11:36:50,2016-06-23 11:36:50,2024-02-08 11:36:50,2036-05-11 11:36:50,Inactive,2025-04-16 13:26:06,35.5179231,140.047787,9,228.5428287,8,141.9057888,7.205184722,10.87570502,3,4
23,SYS-81E30F2D,4,SYS-81E30F2D-F-8A83B,Asset_23,1,Sample description,2024-03-14 11:36:50,2014-06-28 11:36:50,2024-03-21 11:36:50,2036-04-24 11:36:50,Active,2025-04-16 13:26:06,35.5179231,140.047787,43,100.7151351,6,4.606915117,8.205280292,7.403060352,1,4
24,SYS-81E30F2D,1,SYS-81E30F2D-F-8A83B,Asset_24,1,Sample description,2024-07-25 11:36:50,2016-11-29 11:36:50,2024-08-21 11:36:50,2031-11-18 11:36:50,Inactive,2025-04-16 13:26:06,35.5179231,140.047787,8,275.5314642,5,240.1358123,2.801352198,16.74878395,1,6
25,SYS-81E30F2D,4,SYS-81E30F2D-F-8A83B,Asset_25,1,Sample description,2024-12-25 11:36:50,2019-04-17 11:36:50,2024-12-29 11:36:50,2034-06-27 11:36:50,Inactive,2025-04-16 13:26:06,35.5179231,140.047787,17,437.7434596,5,426.1384292,2.50734324,9.18686295,3,7
26,SYS-81E30F2D,1,SYS-81E30F2D-F-8A83B,Asset_26,1,Sample description,2025-02-04 11:36:50,2012-05-21 11:36:50,2025-03-05 11:36:50,2031-03-19 11:36:50,Inactive,2025-04-16 13:26:06,35.5179231,140.047787,10,368.7901943,6,357.3126525,1.941110563,5.725571179,1,6
27,SYS-81E30F2D,1,SYS-81E30F2D-F-8A83B,Asset_27,1,Sample description,2024-01-18 11:36:50,2018-02-13 11:36:50,2024-01-24 11:36:50,2035-02-05 11:36:50,Maintenance,2025-04-16 13:26:06,35.5179231,140.047787,3,405.2149625,7,303.7701389,6.727872246,12.72575475,4,1
28,SYS-81E30F2D,3,SYS-81E30F2D-F-8A83B,Asset_28,1,Sample description,2024-12-07 11:36:50,2021-09-04 11:36:50,2025-01-01 11:36:50,2035-08-09 11:36:50,Maintenance,2025-04-16 13:26:06,35.5179231,140.047787,5,332.8038497,1,43.29320151,7.358281538,14.42876712,2,8
29,SYS-81E30F2D,1,SYS-81E30F2D-F-8A83B,Asset_29,1,Sample description,2025-03-12 11:36:50,2018-11-17 11:36:50,2025-03-13 11:36:50,2036-05-06 11:36:50,Active,2025-04-16 13:26:06,35.5179231,140.047787,54,349.2155166,9,264.7972737,1.284275303,4.17379625,3,7
30,SYS-81E30F2D,4,SYS-81E30F2D-F-8A83B,Asset_30,1,Sample description,2024-09-19 11:36:50,2018-01-27 11:36:50,2024-10-18 11:36:50,2032-08-11 11:36:50,Active,2025-04-16 13:26:06,35.5179231,140.047787,81,426.1058693,3,10.47662941,9.425910216,4.184765109,3,6
31,SYS-81E30F2D,2,SYS-81E30F2D-F-8A83B,Asset_31,1,Sample description,2024-06-09 11:36:50,2016-01-18 11:36:50,2024-06-14 11:36:50,2028-09-27 11:36:50,Maintenance,2025-04-16 13:26:06,35.5179231,140.047787,94,132.3373243,4,2.927771614,1.467741553,1.696757112,1,6
32,SYS-81E30F2D,1,SYS-81E30F2D-F-8A83B,Asset_32,1,Sample description,2024-05-02 11:36:50,2014-10-19 11:36:50,2024-05-29 11:36:50,2033-10-07 11:36:50,Maintenance,2025-04-16 13:26:06,35.5179231,140.047787,68,249.8182322,1,80.84373286,5.871667018,14.99163829,3,5
33,SYS-81E30F2D,3,SYS-81E30F2D-F-8A83B,Asset_33,1,Sample description,2024-08-04 11:36:50,2014-10-27 11:36:50,2024-08-27 11:36:50,2029-12-14 11:36:50,Maintenance,2025-04-16 13:26:06,35.5179231,140.047787,53,118.3926265,3,57.85175073,7.381544675,13.61228602,4,6
34,SYS-81E30F2D,4,SYS-81E30F2D-F-8A83B,Asset_34,1,Sample description,2023-12-31 11:36:50,2017-02-03 11:36:50,2024-01-01 11:36:50,2032-01-13 11:36:50,Inactive,2025-04-16 13:26:06,35.5179231,140.047787,73,493.9573239,2,380.5483864,8.838722114,10.01798664,1,
35,SYS-81E30F2D,1,SYS-81E30F2D-F-8A83B,Asset_35,1,Sample description,2024-01-03 11:36:50,2014-06-15 11:36:50,2024-01-07 11:36:50,2034-03-03 11:36:50,Inactive,2025-04-16 13:26:06,35.5179231,140.047787,28,472.5890764,2,322.917931,7.426782389,17.03923853,1,
36,SYS-81E30F2D,4,SYS-81E30F2D-F-8A83B,Asset_36,1,Sample description,2024-05-07 11:36:50,2017-03-26 11:36:50,2024-05-29 11:36:50,2036-09-25 11:36:50,Maintenance,2025-04-16 13:26:06,35.5179231,140.047787,85,29.31913757,1,13.07348279,8.215552748,16.30773291,1,8
37,SYS-81E30F2D,3,SYS-81E30F2D-F-8A83B,Asset_37,1,Sample description,2024-03-18 11:36:50,2012-08-21 11:36:50,2024-03-20 11:36:50,2035-03-19 11:36:50,Inactive,2025-04-16 13:26:06,35.5179231,140.047787,35,355.7318345,8,97.33771597,4.055051733,12.12173292,1,
38,SYS-81E30F2D,3,SYS-81E30F2D-F-8A83B,Asset_38,1,Sample description,2023-12-20 11:36:50,2016-12-21 11:36:50,2023-12-30 11:36:50,2030-05-19 11:36:50,Inactive,2025-04-16 13:26:06,35.5179231,140.047787,41,463.3716755,3,462.0392504,8.333426024,17.49715433,4,8
39,SYS-81E30F2D,4,SYS-81E30F2D-F-8A83B,Asset_39,1,Sample description,2024-08-01 11:36:50,2012-12-30 11:36:50,2024-08-06 11:36:50,2036-02-13 11:36:50,Active,2025-04-16 13:26:06,35.5179231,140.047787,91,98.48191911,3,41.97115253,1.721033617,4.910982991,1,8
40,SYS-81E30F2D,1,SYS-81E30F2D-F-8A83B,Asset_40,1,Sample description,2024-03-06 11:36:50,2012-06-26 11:36:50,2024-04-02 11:36:50,2027-07-17 11:36:50,Maintenance,2025-04-16 13:26:06,35.5179231,140.047787,53,288.293163,6,130.131793,9.053349905,3.126472769,3,1
41,SYS-81E30F2D,2,SYS-81E30F2D-F-8A83B,Asset_41,1,Sample description,2024-06-02 11:36:50,2019-06-29 11:36:50,2024-06-12 11:36:50,2036-10-14 11:36:50,Maintenance,2025-04-16 13:26:06,35.5179231,140.047787,66,458.5892658,8,75.03612803,5.928331385,6.125242619,4,5
42,SYS-81E30F2D,3,SYS-81E30F2D-F-8A83B,Asset_42,1,Sample description,2024-01-06 11:36:50,2011-11-28 11:36:50,2024-01-07 11:36:50,2033-03-20 11:36:50,Inactive,2025-04-16 13:26:06,35.5179231,140.047787,51,26.63352951,9,21.16858357,8.35567993,2.084650266,2,4
43,SYS-81E30F2D,1,SYS-81E30F2D-F-8A83B,Asset_43,1,Sample description,2024-10-19 11:36:50,2018-02-28 11:36:50,2024-11-10 11:36:50,2027-12-01 11:36:50,Maintenance,2025-04-16 13:26:06,35.5179231,140.047787,41,351.735931,9,243.9929635,5.070864561,11.09222103,2,2
44,SYS-81E30F2D,1,SYS-81E30F2D-F-8A83B,Asset_44,1,Sample description,2024-06-14 11:36:50,2016-01-29 11:36:50,2024-06-20 11:36:50,2037-06-09 11:36:50,Active,2025-04-16 13:26:06,35.5179231,140.047787,74,155.7010136,4,34.37405249,6.792199257,18.79550815,3,8
45,SYS-81E30F2D,2,SYS-81E30F2D-F-8A83B,Asset_45,1,Sample description,2024-09-01 11:36:50,2021-11-28 11:36:50,2024-09-14 11:36:50,2030-01-02 11:36:50,Active,2025-04-16 13:26:06,35.5179231,140.047787,68,462.9541357,5,38.13864577,5.737623948,1.747527273,3,3
46,SYS-81E30F2D,3,SYS-81E30F2D-F-8A83B,Asset_46,1,Sample description,2025-01-07 11:36:50,2017-02-28 11:36:50,2025-01-22 11:36:50,2038-05-28 11:36:50,Active,2025-04-16 13:26:06,35.5179231,140.047787,38,485.8185401,2,330.5991775,7.584305696,3.320088366,4,4
47,SYS-81E30F2D,3,SYS-81E30F2D-F-8A83B,Asset_47,1,Sample description,2024-11-26 11:36:50,2021-08-22 11:36:50,2024-11-30 11:36:50,2029-03-23 11:36:50,Maintenance,2025-04-16 13:26:06,35.5179231,140.047787,39,472.6905797,9,309.3812853,1.734669838,9.591781537,2,7
48,SYS-81E30F2D,1,SYS-81E30F2D-F-8A83B,Asset_48,1,Sample description,2025-03-14 11:36:50,2017-04-30 11:36:50,2025-03-27 11:36:50,2034-03-31 11:36:50,Maintenance,2025-04-16 13:26:06,35.5179231,140.047787,32,242.3649662,8,66.22853601,1.543168756,18.74362533,2,
49,SYS-81E30F2D,1,SYS-81E30F2D-F-8A83B,Asset_49,1,Sample description,2024-04-02 11:36:50,2021-07-11 11:36:50,2024-04-26 11:36:50,2028-07-10 11:36:50,Maintenance,2025-04-16 13:26:06,35.5179231,140.047787,94,432.400899,3,411.1542591,3.223929106,7.006965995,2,2
50,SYS-81E30F2D,2,SYS-81E30F2D-F-8A83B,Asset_50,1,Sample description,2024-04-21 11:36:50,2012-11-20 11:36:50,2024-05-11 11:36:50,2031-07-19 11:36:50,Maintenance,2025-04-16 13:26:06,35.5179231,140.047787,1,423.8292053,9,64.02274623,2.435902121,10.63746137,2,3
51,SYS-81E30F2D,2,SYS-81E30F2D-F-8A83B,Asset_51,1,Sample description,2023-12-28 11:36:50,2019-05-18 11:36:50,2024-01-21 11:36:50,2032-08-08 11:36:50,Maintenance,2025-04-16 13:26:06,35.5179231,140.047787,93,166.3592319,3,71.92288542,8.846052099,1.789884322,2,4
52,SYS-81E30F2D,3,SYS-81E30F2D-F-8A83B,Asset_52,1,Sample description,2024-05-04 11:36:50,2015-05-04 11:36:50,2024-05-19 11:36:50,2037-09-25 11:36:50,Active,2025-04-16 13:26:06,35.5179231,140.047787,66,416.1685823,9,392.7032998,2.972925886,3.818520818,1,1
53,SYS-81E30F2D,4,SYS-81E30F2D-F-8A83B,Asset_53,1,Sample description,2024-04-02 11:36:50,2018-04-03 11:36:50,2024-05-01 11:36:50,2028-02-15 11:36:50,Inactive,2025-04-16 13:26:06,35.5179231,140.047787,35,28.13374101,2,11.80849963,9.782787302,19.74597234,3,7
54,SYS-81E30F2D,3,SYS-81E30F2D-F-8A83B,Asset_54,1,Sample description,2024-12-13 11:36:50,2015-07-18 11:36:50,2024-12-21 11:36:50,2038-08-04 11:36:50,Active,2025-04-16 13:26:06,35.5179231,140.047787,40,302.1722405,9,192.9448162,4.032062126,19.33725523,1,2
55,SYS-81E30F2D,1,SYS-81E30F2D-F-8A83B,Asset_55,1,Sample description,2024-10-17 11:36:50,2018-12-10 11:36:50,2024-10-22 11:36:50,2036-07-12 11:36:50,Maintenance,2025-04-16 13:26:06,35.5179231,140.047787,92,122.7043303,8,48.78655432,2.639061241,1.093859638,2,5
56,SYS-81E30F2D,3,SYS-81E30F2D-F-8A83B,Asset_56,1,Sample description,2024-05-11 11:36:50,2013-04-08 11:36:50,2024-06-09 11:36:50,2028-06-22 11:36:50,Active,2025-04-16 13:26:06,35.5179231,140.047787,26,69.07777403,9,18.94217578,8.107286564,19.08442392,4,1
57,SYS-81E30F2D,4,SYS-81E30F2D-F-8A83B,Asset_57,1,Sample description,2024-11-01 11:36:50,2014-06-08 11:36:50,2024-11-16 11:36:50,2028-10-03 11:36:50,Maintenance,2025-04-16 13:26:06,35.5179231,140.047787,11,47.7070688,5,46.94268935,6.92836998,13.14327882,4,3
58,SYS-81E30F2D,2,SYS-81E30F2D-F-8A83B,Asset_58,1,Sample description,2024-07-14 11:36:50,2012-07-30 11:36:50,2024-07-18 11:36:50,2033-11-02 11:36:50,Maintenance,2025-04-16 13:26:06,35.5179231,140.047787,97,351.1815002,2,143.7505304,5.483761448,17.4904476,2,2
59,SYS-81E30F2D,4,SYS-81E30F2D-F-8A83B,Asset_59,1,Sample description,2024-02-25 11:36:50,2017-06-22 11:36:50,2024-03-08 11:36:50,2036-10-11 11:36:50,Active,2025-04-16 13:26:06,35.5179231,140.047787,21,176.5387322,8,157.8431399,5.998271958,9.640057257,2,1
60,SYS-81E30F2D,4,SYS-81E30F2D-F-8A83B,Asset_60,1,Sample description,2024-07-18 11:36:50,2018-10-18 11:36:50,2024-07-31 11:36:50,2034-09-04 11:36:50,Maintenance,2025-04-16 13:26:06,35.5179231,140.047787,93,365.135718,6,83.96464014,7.472816004,10.79632454,4,7
61,SYS-81E30F2D,4,SYS-81E30F2D-F-8A83B,Asset_61,1,Sample description,2025-02-15 11:36:50,2011-11-05 11:36:50,2025-02-17 11:36:50,2030-06-09 11:36:50,Inactive,2025-04-16 13:26:06,35.5179231,140.047787,38,42.02460699,8,8.955641435,3.056092672,10.28808502,1,5
62,SYS-81E30F2D,2,SYS-81E30F2D-F-8A83B,Asset_62,1,Sample description,2025-02-06 11:36:50,2012-01-05 11:36:50,2025-03-05 11:36:50,2030-07-11 11:36:50,Maintenance,2025-04-16 13:26:06,35.5179231,140.047787,28,164.4922655,5,5.121315829,9.967005245,13.67042089,1,1
63,SYS-81E30F2D,4,SYS-81E30F2D-F-8A83B,Asset_63,1,Sample description,2024-08-01 11:36:50,2020-03-01 11:36:50,2024-08-20 11:36:50,2029-10-08 11:36:50,Inactive,2025-04-16 13:26:06,35.5179231,140.047787,98,274.3507333,2,178.7852714,9.773138459,3.65337384,2,6
64,SYS-81E30F2D,4,SYS-81E30F2D-F-8A83B,Asset_64,1,Sample description,2025-02-10 11:36:50,2019-02-15 11:36:50,2025-03-01 11:36:50,2029-12-27 11:36:50,Inactive,2025-04-16 13:26:06,35.5179231,140.047787,94,397.4543508,6,146.4723987,6.852931177,1.569498208,1,5
65,SYS-81E30F2D,4,SYS-81E30F2D-F-8A83B,Asset_65,1,Sample description,2024-02-04 11:36:50,2016-03-17 11:36:50,2024-02-08 11:36:50,2030-02-18 11:36:50,Maintenance,2025-04-16 13:26:06,35.5179231,140.047787,47,166.1887264,5,143.6465967,2.795882058,6.85066889,4,3
66,SYS-81E30F2D,1,SYS-81E30F2D-F-8A83B,Asset_66,1,Sample description,2024-08-07 11:36:50,2017-06-26 11:36:50,2024-08-11 11:36:50,2030-08-25 11:36:50,Active,2025-04-16 13:26:06,35.5179231,140.047787,70,316.6867745,5,149.859319,7.122054182,14.38893449,1,7
67,SYS-81E30F2D,4,SYS-81E30F2D-F-8A83B,Asset_67,1,Sample description,2025-03-12 11:36:50,2014-10-06 11:36:50,2025-04-07 11:36:50,2029-10-26 11:36:50,Inactive,2025-04-16 13:26:06,35.5179231,140.047787,33,444.1290966,1,430.0028725,1.649785681,4.83521559,2,
68,SYS-81E30F2D,2,SYS-81E30F2D-F-8A83B,Asset_68,1,Sample description,2024-04-30 11:36:50,2018-12-15 11:36:50,2024-05-11 11:36:50,2027-03-01 11:36:50,Active,2025-04-16 13:26:06,35.5179231,140.047787,79,311.7729622,2,57.8418396,1.27587252,13.79521623,4,
69,SYS-81E30F2D,4,SYS-81E30F2D-F-8A83B,Asset_69,1,Sample description,2023-12-06 11:36:50,2020-07-27 11:36:50,2024-01-02 11:36:50,2032-03-10 11:36:50,Inactive,2025-04-16 13:26:06,35.5179231,140.047787,52,124.1501426,8,107.8396902,3.319145997,19.42832888,1,
70,SYS-81E30F2D,4,SYS-81E30F2D-F-8A83B,Asset_70,1,Sample description,2024-08-10 11:36:50,2013-09-10 11:36:50,2024-08-15 11:36:50,2030-08-27 11:36:50,Maintenance,2025-04-16 13:26:06,35.5179231,140.047787,79,21.95638296,3,17.05125791,5.163606611,2.7841136,3,2
71,SYS-81E30F2D,2,SYS-81E30F2D-F-8A83B,Asset_71,1,Sample description,2025-01-02 11:36:50,2016-12-07 11:36:50,2025-01-22 11:36:50,2029-09-27 11:36:50,Maintenance,2025-04-16 13:26:06,35.5179231,140.047787,95,436.3484482,3,336.3905506,8.814452549,13.77944025,4,3
72,SYS-81E30F2D,4,SYS-81E30F2D-F-8A83B,Asset_72,1,Sample description,2025-03-14 11:36:50,2014-08-14 11:36:50,2025-03-25 11:36:50,2037-09-30 11:36:50,Inactive,2025-04-16 13:26:06,35.5179231,140.047787,20,20.42201132,8,17.25217264,7.544521628,9.431254167,4,7
73,SYS-81E30F2D,2,SYS-81E30F2D-F-8A83B,Asset_73,1,Sample description,2024-04-17 11:36:50,2013-02-08 11:36:50,2024-04-27 11:36:50,2032-03-15 11:36:50,Maintenance,2025-04-16 13:26:06,35.5179231,140.047787,81,438.6038196,8,333.7880292,7.684358691,17.49470283,3,5
74,SYS-81E30F2D,4,SYS-81E30F2D-F-8A83B,Asset_74,1,Sample description,2024-11-04 11:36:50,2022-05-05 11:36:50,2024-11-12 11:36:50,2030-11-05 11:36:50,Inactive,2025-04-16 13:26:06,35.5179231,140.047787,100,269.1791957,2,168.5654825,4.82944001,4.365846,3,2
75,SYS-81E30F2D,2,SYS-81E30F2D-F-8A83B,Asset_75,1,Sample description,2024-11-20 11:36:50,2013-01-08 11:36:50,2024-11-26 11:36:50,2033-09-24 11:36:50,Maintenance,2025-04-16 13:26:06,35.5179231,140.047787,48,470.1431723,8,61.70388314,4.113414933,14.15989309,4,3
76,SYS-81E30F2D,4,SYS-81E30F2D-F-8A83B,Asset_76,1,Sample description,2024-03-14 11:36:50,2015-05-18 11:36:50,2024-03-20 11:36:50,2027-09-25 11:36:50,Active,2025-04-16 13:26:06,35.5179231,140.047787,18,401.4037855,1,13.05613158,4.339348867,16.9241905,3,6
77,SYS-81E30F2D,4,SYS-81E30F2D-F-8A83B,Asset_77,1,Sample description,2024-12-14 11:36:50,2022-03-12 11:36:50,2024-12-22 11:36:50,2027-11-19 11:36:50,Maintenance,2025-04-16 13:26:06,35.5179231,140.047787,9,498.9877142,6,459.4917627,9.888846074,18.94767017,2,7
78,SYS-81E30F2D,1,SYS-81E30F2D-F-8A83B,Asset_78,1,Sample description,2024-01-08 11:36:50,2020-11-28 11:36:50,2024-01-31 11:36:50,2029-07-25 11:36:50,Active,2025-04-16 13:26:06,35.5179231,140.047787,84,181.8487896,8,112.1371133,1.360982723,13.98171254,2,
79,SYS-81E30F2D,1,SYS-81E30F2D-F-8A83B,Asset_79,1,Sample description,2025-01-15 11:36:50,2017-09-13 11:36:50,2025-01-30 11:36:50,2029-08-18 11:36:50,Maintenance,2025-04-16 13:26:06,35.5179231,140.047787,47,385.9222616,3,307.4014728,8.803283465,10.44632052,2,1
80,SYS-81E30F2D,4,SYS-81E30F2D-F-8A83B,Asset_80,1,Sample description,2024-01-02 11:36:50,2019-08-21 11:36:50,2024-01-28 11:36:50,2034-03-29 11:36:50,Active,2025-04-16 13:26:06,35.5179231,140.047787,54,206.9461477,8,99.64919566,6.208078677,12.73909756,4,7
81,SYS-81E30F2D,4,SYS-81E30F2D-F-8A83B,Asset_81,1,Sample description,2024-09-05 11:36:50,2016-09-14 11:36:50,2024-09-19 11:36:50,2033-06-27 11:36:50,Maintenance,2025-04-16 13:26:06,35.5179231,140.047787,95,245.1390539,1,28.75681846,4.947538773,17.50919471,3,8
82,SYS-81E30F2D,3,SYS-81E30F2D-F-8A83B,Asset_82,1,Sample description,2024-04-17 11:36:50,2015-11-06 11:36:50,2024-04-28 11:36:50,2037-11-19 11:36:50,Active,2025-04-16 13:26:06,35.5179231,140.047787,13,317.477677,9,39.7436945,7.527318944,11.84158519,3,3
83,SYS-81E30F2D,2,SYS-81E30F2D-F-8A83B,Asset_83,1,Sample description,2024-08-27 11:36:50,2016-02-20 11:36:50,2024-09-08 11:36:50,2031-07-06 11:36:50,Inactive,2025-04-16 13:26:06,35.5179231,140.047787,54,438.101786,9,300.3473767,5.380020473,1.577354134,1,4
84,SYS-81E30F2D,3,SYS-81E30F2D-F-8A83B,Asset_84,1,Sample description,2024-02-20 11:36:50,2017-06-14 11:36:50,2024-03-17 11:36:50,2035-06-28 11:36:50,Inactive,2025-04-16 13:26:06,35.5179231,140.047787,87,492.2008999,5,211.7969487,8.860809143,18.68802521,1,6
85,SYS-81E30F2D,1,SYS-81E30F2D-F-8A83B,Asset_85,1,Sample description,2025-02-20 11:36:50,2018-12-11 11:36:50,2025-03-05 11:36:50,2030-07-23 11:36:50,Active,2025-04-16 13:26:06,35.5179231,140.047787,17,386.4539728,4,77.49357728,9.106316776,14.10100827,3,7
86,SYS-81E30F2D,1,SYS-81E30F2D-F-8A83B,Asset_86,1,Sample description,2024-01-08 11:36:50,2020-11-13 11:36:50,2024-01-16 11:36:50,2029-02-06 11:36:50,Maintenance,2025-04-16 13:26:06,35.5179231,140.047787,75,214.7057233,6,105.5481627,4.795488342,13.85375433,3,4
87,SYS-81E30F2D,1,SYS-81E30F2D-F-8A83B,Asset_87,1,Sample description,2024-09-26 11:36:50,2012-09-14 11:36:50,2024-10-14 11:36:50,2030-07-22 11:36:50,Active,2025-04-16 13:26:06,35.5179231,140.047787,91,216.4649311,7,13.89898314,3.491450175,5.097827896,3,8
88,SYS-81E30F2D,1,SYS-81E30F2D-F-8A83B,Asset_88,1,Sample description,2024-05-22 11:36:50,2014-10-04 11:36:50,2024-06-16 11:36:50,2036-08-04 11:36:50,Maintenance,2025-04-16 13:26:06,35.5179231,140.047787,2,371.4153278,5,216.153099,6.331152957,13.51882393,4,5
89,SYS-81E30F2D,4,SYS-81E30F2D-F-8A83B,Asset_89,1,Sample description,2024-11-05 11:36:50,2012-04-02 11:36:50,2024-11-06 11:36:50,2029-06-21 11:36:50,Inactive,2025-04-16 13:26:06,35.5179231,140.047787,63,127.0008014,9,34.16237794,9.211270111,8.483423707,3,1
90,SYS-81E30F2D,1,SYS-81E30F2D-F-8A83B,Asset_90,1,Sample description,2024-04-26 11:36:50,2012-05-26 11:36:50,2024-05-11 11:36:50,2027-07-02 11:36:50,Maintenance,2025-04-16 13:26:06,35.5179231,140.047787,2,64.13231543,3,51.14931182,2.895959701,13.37342656,1,4
91,SYS-81E30F2D,4,SYS-81E30F2D-F-8A83B,Asset_91,1,Sample description,2024-02-02 11:36:50,2015-10-17 11:36:50,2024-02-10 11:36:50,2036-12-24 11:36:50,Inactive,2025-04-16 13:26:06,35.5179231,140.047787,27,183.7648572,7,57.03362108,6.606699252,3.025267576,4,3
92,SYS-81E30F2D,4,SYS-81E30F2D-F-8A83B,Asset_92,1,Sample description,2024-11-20 11:36:50,2017-05-20 11:36:50,2024-12-18 11:36:50,2028-08-20 11:36:50,Maintenance,2025-04-16 13:26:06,35.5179231,140.047787,93,150.7471059,5,68.62312003,6.684041981,13.49906079,3,
93,SYS-81E30F2D,1,SYS-81E30F2D-F-8A83B,Asset_93,1,Sample description,2024-04-28 11:36:50,2019-09-09 11:36:50,2024-05-09 11:36:50,2033-12-31 11:36:50,Maintenance,2025-04-16 13:26:06,35.5179231,140.047787,95,155.190979,7,1.803402965,7.598017202,19.98886079,1,8
94,SYS-81E30F2D,1,SYS-81E30F2D-F-8A83B,Asset_94,1,Sample description,2024-06-16 11:36:50,2020-12-24 11:36:50,2024-06-28 11:36:50,2030-03-15 11:36:50,Maintenance,2025-04-16 13:26:06,35.5179231,140.047787,86,124.467798,2,9.017304597,2.184109166,1.916028738,4,1
95,SYS-81E30F2D,2,SYS-81E30F2D-F-8A83B,Asset_95,1,Sample description,2024-08-18 11:36:50,2016-07-22 11:36:50,2024-08-30 11:36:50,2032-02-14 11:36:50,Active,2025-04-16 13:26:06,35.5179231,140.047787,49,30.62566292,4,12.02037536,7.442424682,19.5663095,3,6
96,SYS-81E30F2D,3,SYS-81E30F2D-F-8A83B,Asset_96,1,Sample description,2024-08-05 11:36:50,2019-11-02 11:36:50,2024-08-09 11:36:50,2031-02-17 11:36:50,Active,2025-04-16 13:26:06,35.5179231,140.047787,15,18.75822802,2,9.002802097,9.181292686,8.731251254,3,
97,SYS-81E30F2D,1,SYS-81E30F2D-F-8A83B,Asset_97,1,Sample description,2025-02-26 11:36:50,2015-02-16 11:36:50,2025-03-14 11:36:50,2035-01-29 11:36:50,Inactive,2025-04-16 13:26:06,35.5179231,140.047787,98,493.983971,7,296.400533,2.61714798,17.54431556,3,7
98,SYS-81E30F2D,2,SYS-81E30F2D-F-8A83B,Asset_98,1,Sample description,2024-11-25 11:36:50,2016-07-20 11:36:50,2024-11-29 11:36:50,2028-07-17 11:36:50,Inactive,2025-04-16 13:26:06,35.5179231,140.047787,91,219.6088355,2,64.05167928,3.137889924,15.8653242,4,4
99,SYS-81E30F2D,2,SYS-81E30F2D-F-8A83B,Asset_99,1,Sample description,2024-10-29 11:36:50,2019-02-19 11:36:50,2024-11-03 11:36:50,2032-06-26 11:36:50,Active,2025-04-16 13:26:06,35.5179231,140.047787,49,198.3200571,1,137.8288473,9.742555846,11.77330896,1,1
100,SYS-81E30F2D,3,SYS-81E30F2D-F-8A83B,Asset_100,1,Sample description,2025-01-30 11:36:50,2014-03-11 11:36:50,2025-02-23 11:36:50,2032-09-13 11:36:50,Inactive,2025-04-16 13:26:06,35.5179231,140.047787,82,343.0271685,9,295.0453505,2.628792574,15.03053498,1,2
